TOURNAMENT_CODE;PERIOD_TYPE;START_DT;END_DT;RESULT_DT;PLAN_PERIOD_START_DT;PLAN_PERIOD_END_DT;CRITERION_MARK_TYPE;CRITERION_MARK_VALUE;FILTER_PERIOD_ARR;TOURNAMENT_STATUS;CONTEST_CODE;TARGET_TYPE;CALC_TYPE;TRN_INDICATOR_FILTER
t_01_2025-0_01-9_1_3091;турнир сентября;2025-09-01;2025-09-30;;;;;;;УДАЛЕН;01_2025-0_01-9_1;;1;
t_01_2025-0_01-9_2_3091;турнир сентября;2025-09-01;2025-09-30;;;;;;;УДАЛЕН;01_2025-0_01-9_2;;1;
t_01_2025-0_01-9_3_3091;турнир сентября;2025-09-01;2025-09-30;;;;;;;УДАЛЕН;01_2025-0_01-9_3;;1;
t_01_2025-0_08-2_5_2021;турнир 2 квартала;2025-04-01;2025-06-30;2025-07-13;;;;;;ЗАВЕРШЕН;01_2025-0_08-2_5;{"""seasonCode""": """SEASON_2025_1"""};1;
t_01_2025-2_08-2_6_2031;турнир 3 квартала;2025-07-01;2025-09-30;2025-10-20;;;;;;УДАЛЕН;01_2025-2_08-2_6;{"""seasonCode""": """SEASON_2025_2"""};1;
t_01_2025-2_08-2_6_2041;турнир 4 квартала;2025-10-01;2025-12-31;2026-01-20;;;;;;АКТИВНЫЙ;01_2025-2_08-2_6;{"""seasonCode""": """SEASON_2025_2"""};1;
t_01_2025-1_01-8_2041;турнир 4 квартала;2025-10-01;2025-12-31;2026-01-20;;;;;;АКТИВНЫЙ;01_2025-1_01-8;{"""seasonCode""": """SEASON_2025_2"""};1;
t_01_2025-0_10-2_1_2041;турнир 4 квартала;2025-10-01;2025-12-31;2026-01-20;;;;;;АКТИВНЫЙ;01_2025-0_10-2_1;{"""seasonCode""": """SEASON_2025_2"""};1;
t_01_2025-0_08-5_1_2041;турнир 4 квартала;2025-10-01;2025-12-31;2026-01-20;;;;;;АКТИВНЫЙ;01_2025-0_08-5_1;{"""seasonCode""": """SEASON_2025_2"""};1;
t_01_2025-0_05-1_1_2041;турнир 4 квартала;2025-10-01;2025-12-31;2026-01-20;;;;;;АКТИВНЫЙ;01_2025-0_05-1_1;{"""seasonCode""": """SEASON_2025_2"""};1;
t_01_2025-0_05-1_2_2041;турнир 4 квартала;2025-10-01;2025-12-31;2026-01-20;;;;;;АКТИВНЫЙ;01_2025-0_05-1_2;{"""seasonCode""": """SEASON_2025_2"""};1;
t_01_2025-0_05-1_3_2041;турнир 4 квартала;2025-10-01;2025-12-31;2026-01-20;;;;;;АКТИВНЫЙ;01_2025-0_05-1_3;{"""seasonCode""": """SEASON_2025_2"""};1;
t_01_2025-0_16-1_1_2041;турнир 4 квартала;2025-10-01;2025-12-31;2026-01-20;;;;;;АКТИВНЫЙ;01_2025-0_16-1_1;{"""seasonCode""": """SEASON_2025_2"""};1;
t_01_2025-2_09-1_2_2041;турнир 4 квартала;2025-10-01;2025-12-31;2026-01-20;;;;;;АКТИВНЫЙ;01_2025-2_09-1_2;{"""seasonCode""": """SEASON_2025_2"""};1;
t_01_2025-2_09-1_3_2041;турнир 4 квартала;2025-10-01;2025-12-31;2026-01-20;;;;;;АКТИВНЫЙ;01_2025-2_09-1_3;{"""seasonCode""": """SEASON_2025_2"""};1;
t_01_2025-2_09-1_4_2041;турнир 4 квартала;2025-10-01;2025-12-31;2026-01-20;;;;;;АКТИВНЫЙ;01_2025-2_09-1_4;{"""seasonCode""": """SEASON_2025_2"""};1;
t_01_2025-0_01-4_3_1001;турнир года;2025-01-01;2025-12-31;2026-01-20;;;;;;АКТИВНЫЙ;01_2025-0_01-4_3;{"""seasonCode""": """SEASON_2025_2"""};1;
t_01_2025-0_01-4_2_1001;турнир года;2025-01-01;2025-12-31;2026-01-20;;;;;;АКТИВНЫЙ;01_2025-0_01-4_2;{"""seasonCode""": """SEASON_2025_2"""};1;
t_01_2025-0_01-4_1_1001;турнир года;2025-01-01;2025-12-31;2026-01-20;;;;;;АКТИВНЫЙ;01_2025-0_01-4_1;{"""seasonCode""": """SEASON_2025_2"""};1;
t_02_2025-0_01-4_3_1001;турнир года;2025-01-01;2025-12-31;2026-01-20;;;;;;АКТИВНЫЙ;02_2025-0_01-4_3;{"""seasonCode""": """SEASON_m_2025_2"""};1;
t_02_2025-0_01-4_2_1001;турнир года;2025-01-01;2025-12-31;2026-01-20;;;;;;АКТИВНЫЙ;02_2025-0_01-4_2;{"""seasonCode""": """SEASON_m_2025_2"""};1;
t_02_2025-0_01-4_1_1001;турнир года;2025-01-01;2025-12-31;2026-01-20;;;;;;АКТИВНЫЙ;02_2025-0_01-4_1;{"""seasonCode""": """SEASON_m_2025_2"""};1;
t_03_2025-0_01-4_3_1001;турнир года;2025-01-01;2025-12-31;2026-01-20;;;;;;АКТИВНЫЙ;03_2025-0_01-4_3;{"""seasonCode""": """SEASON_s_2025"""};1;
t_03_2025-0_01-4_2_1001;турнир года;2025-01-01;2025-12-31;2026-01-20;;;;;;АКТИВНЫЙ;03_2025-0_01-4_2;{"""seasonCode""": """SEASON_s_2025"""};1;
t_03_2025-0_01-4_1_1001;турнир года;2025-01-01;2025-12-31;2026-01-20;;;;;;АКТИВНЫЙ;03_2025-0_01-4_1;{"""seasonCode""": """SEASON_s_2025"""};1;
t_05_2025-0_18-6_1_4001;произвольный;2025-03-01;2025-06-30;2025-07-14;;;;;;ЗАВЕРШЕН;05_2025-0_18-6_1;{"""seasonCode""": """SEASON_kmsb1_2025"""};1;
t_07_2025-0_18-3_1_4001;произвольный;2025-03-01;2025-06-30;2025-07-20;;;;;;УДАЛЕН;07_2025-0_18-3_1;{"""seasonCode""": """SEASON_rnub_2025"""};1;
t_05_2025-0_18-6_1_2011;турнир 1 квартала;2025-01-01;2025-03-31;2025-04-20;;;;;;УДАЛЕН;05_2025-0_18-6_1;{"""seasonCode""": """SEASON_kmsb1_2025"""};1;
t_07_2025-0_18-3_1_2011;турнир 1 квартала;2025-01-01;2025-03-31;2025-05-01;;;;;;УДАЛЕН;07_2025-0_18-3_1;{"""seasonCode""": """SEASON_rnub_2025"""};1;
TOURNAMENT_01_01;произвольный;2023-10-01;2024-12-31;2025-02-12;;;;;;УДАЛЕН;CONTEST_01;;3;
TOURNAMENT_02_01;произвольный;2023-10-01;2024-12-31;2025-02-12;;;;;;УДАЛЕН;CONTEST_02;;3;
TOURNAMENT_03_01;произвольный;2023-10-01;2024-12-31;2025-02-12;;;;;;УДАЛЕН;CONTEST_03;;3;
TOURNAMENT_04_01;произвольный;2023-10-01;2024-12-31;2025-02-12;;;;;;УДАЛЕН;CONTEST_04;;3;
TOURNAMENT_05_01;турнир месяца;2023-07-01;2023-07-31;2023-08-31;2023-06-01;2023-06-30;;;"[{""period_code"": 1, ""criterion_mark_type"": "">"", ""criterion_mark_value"": 0, ""start_dt"": ""2023-06-01"" , ""end_dt"": ""2023-06-30""}]";УДАЛЕН;CONTEST_05;{"""seasonCode""": """SEASON_2024"""};3;
TOURNAMENT_05_02;турнир месяца;2023-08-01;2023-08-31;2023-09-04;2023-07-01;2023-07-31;;;"[{""period_code"": 1, ""criterion_mark_type"": "">"", ""criterion_mark_value"": 0, ""start_dt"": ""2023-07-01"" , ""end_dt"": ""2023-07-31""}]";УДАЛЕН;CONTEST_05;{"""seasonCode""": """SEASON_2024"""};3;
TOURNAMENT_05_03;турнир месяца;2023-09-01;2023-09-30;2023-10-07;2023-08-01;2023-08-31;;;"[{""period_code"": 1, ""criterion_mark_type"": "">"", ""criterion_mark_value"": 0, ""start_dt"": ""2023-08-01"" , ""end_dt"": ""2023-08-31""}]";УДАЛЕН;CONTEST_05;{"""seasonCode""": """SEASON_2024"""};3;
TOURNAMENT_05_04;турнир месяца;2023-10-01;2023-10-31;2023-11-13;2023-09-01;2023-09-30;;;"[{""period_code"": 1, ""criterion_mark_type"": "">"", ""criterion_mark_value"": 0, ""start_dt"": ""2023-09-01"" , ""end_dt"": ""2023-09-30""}]";УДАЛЕН;CONTEST_05;{"""seasonCode""": """SEASON_2024"""};3;
TOURNAMENT_05_05;турнир месяца;2023-11-01;2023-11-30;2023-12-13;2023-10-01;2023-10-31;;;"[{""period_code"": 1, ""criterion_mark_type"": "">"", ""criterion_mark_value"": 0, ""start_dt"": ""2023-10-01"" , ""end_dt"": ""2023-10-31""}]";УДАЛЕН;CONTEST_05;{"""seasonCode""": """SEASON_2024"""};3;
TOURNAMENT_05_06;турнир месяца;2023-12-01;2023-12-31;2024-01-15;2023-11-01;2023-11-30;;;"[{""period_code"": 1, ""criterion_mark_type"": "">"", ""criterion_mark_value"": 0, ""start_dt"": ""2023-11-01"" , ""end_dt"": ""2023-11-30""}]";УДАЛЕН;CONTEST_05;{"""seasonCode""": """SEASON_2024"""};3;
TOURNAMENT_05_2023_11;турнир ноября;2023-11-01;2023-11-30;2023-12-14;2023-10-01;2023-10-31;;;"[{""period_code"": 1, ""criterion_mark_type"": "">"", ""criterion_mark_value"": 0, ""start_dt"": ""2023-10-01"" , ""end_dt"": ""2023-10-31""}]";ЗАВЕРШЕН;CONTEST_05;{"""seasonCode""": """SEASON_2024"""};3;
TOURNAMENT_05_2023_12;турнир декабря;2023-12-01;2023-12-31;2024-02-20;2023-11-01;2023-11-30;;;"[{""period_code"": 1, ""criterion_mark_type"": "">"", ""criterion_mark_value"": 0, ""start_dt"": ""2023-11-01"" , ""end_dt"": ""2023-11-30""}]";ЗАВЕРШЕН;CONTEST_05;{"""seasonCode""": """SEASON_2024"""};3;
TOURNAMENT_05_2024_01;турнир января;2024-01-01;2024-01-31;2024-02-20;2023-12-01;2023-12-31;;;"[{""period_code"": 1, ""criterion_mark_type"": "">"", ""criterion_mark_value"": 0, ""start_dt"": ""2023-12-01"" , ""end_dt"": ""2023-12-31""}]";УДАЛЕН;CONTEST_05;{"""seasonCode""": """SEASON_2024"""};3;
TOURNAMENT_05_2024_03;турнир марта;2024-03-01;2024-03-31;2024-04-20;2024-02-01;2024-02-29;;;"[{""period_code"": 1, ""criterion_mark_type"": "">"", ""criterion_mark_value"": 0, ""start_dt"": ""2024-02-01"" , ""end_dt"": ""2024-02-29""}]";ЗАВЕРШЕН;CONTEST_05;{"""seasonCode""": """SEASON_2024"""};3;
TOURNAMENT_05_2024_04;турнир апреля;2024-04-01;2024-04-30;2024-05-20;2024-03-01;2024-03-31;;;"[{""period_code"": 1, ""criterion_mark_type"": "">"", ""criterion_mark_value"": 0, ""start_dt"": ""2024-03-01"" , ""end_dt"": ""2024-03-31""}]";ЗАВЕРШЕН;CONTEST_05;{"""seasonCode""": """SEASON_2024"""};3;
TOURNAMENT_05_2024_05;турнир мая;2024-05-01;2024-05-31;2024-06-20;2024-04-01;2024-04-30;;;"[{""period_code"": 1, ""criterion_mark_type"": "">"", ""criterion_mark_value"": 0, ""start_dt"": ""2024-04-01"" , ""end_dt"": ""2024-04-30""}]";ЗАВЕРШЕН;CONTEST_05;{"""seasonCode""": """SEASON_2024"""};3;
TOURNAMENT_05_2024_06;турнир июня;2024-06-01;2024-06-30;2024-07-20;2024-05-01;2024-05-31;;;"[{""period_code"": 1, ""criterion_mark_type"": "">"", ""criterion_mark_value"": 0, ""start_dt"": ""2024-05-01"" , ""end_dt"": ""2024-05-31""}]";ЗАВЕРШЕН;CONTEST_05;{"""seasonCode""": """SEASON_2024"""};3;
TOURNAMENT_05_2024_07;турнир июля;2024-07-01;2024-07-31;2024-08-20;2024-06-01;2024-06-30;;;"[{""period_code"": 1, ""criterion_mark_type"": "">"", ""criterion_mark_value"": 0, ""start_dt"": ""2024-06-01"" , ""end_dt"": ""2024-06-30""}]";ЗАВЕРШЕН;CONTEST_05;{"""seasonCode""": """SEASON_2024"""};3;
TOURNAMENT_05_2024_08;турнир августа;2024-08-01;2024-08-31;2024-09-20;2024-07-01;2024-07-31;;;"[{""period_code"": 1, ""criterion_mark_type"": "">"", ""criterion_mark_value"": 0, ""start_dt"": ""2024-07-01"" , ""end_dt"": ""2024-07-31""}]";ЗАВЕРШЕН;CONTEST_05;{"""seasonCode""": """SEASON_2024"""};3;
TOURNAMENT_05_2024_09;турнир сентября;2024-09-01;2024-09-30;2024-10-20;2024-08-01;2024-08-31;;;"[{""period_code"": 1, ""criterion_mark_type"": "">"", ""criterion_mark_value"": 0, ""start_dt"": ""2024-08-01"" , ""end_dt"": ""2024-08-31""}]";ЗАВЕРШЕН;CONTEST_05;{"""seasonCode""": """SEASON_2024"""};3;
TOURNAMENT_05_2024_M10;турнир октября;2024-10-01;2024-10-31;2024-11-20;2024-09-01;2024-09-30;;;"[{""period_code"": 1, ""criterion_mark_type"": "">"", ""criterion_mark_value"": 0, ""start_dt"": ""2024-09-01"" , ""end_dt"": ""2024-09-30""}]";ЗАВЕРШЕН;CONTEST_05;{"""seasonCode""": """SEASON_2024"""};3;
TOURNAMENT_05_2024_M11;турнир ноября;2024-11-01;2024-11-30;2024-12-20;2024-10-01;2024-10-31;;;"[{""period_code"": 1, ""criterion_mark_type"": "">"", ""criterion_mark_value"": 0, ""start_dt"": ""2024-10-01"" , ""end_dt"": ""2024-10-31""}]";УДАЛЕН;CONTEST_05;{"""seasonCode""": """SEASON_2024"""};3;
TOURNAMENT_06_01;турнир месяца;2023-07-01;2023-07-31;2023-09-04;2023-06-01;2023-06-30;;;;УДАЛЕН;CONTEST_06;{"""seasonCode""": """SEASON_2024"""};3;
TOURNAMENT_06_02;турнир месяца;2023-08-01;2023-08-31;2023-09-04;2023-07-01;2023-07-31;;;;УДАЛЕН;CONTEST_06;{"""seasonCode""": """SEASON_2024"""};3;
TOURNAMENT_06_03;турнир месяца;2023-09-01;2023-09-30;2023-10-07;2023-08-01;2023-08-31;;;;УДАЛЕН;CONTEST_06;{"""seasonCode""": """SEASON_2024"""};3;
TOURNAMENT_06_04;турнир месяца;2023-10-01;2023-10-31;2023-11-13;2023-09-01;2023-09-30;;;;УДАЛЕН;CONTEST_06;{"""seasonCode""": """SEASON_2024"""};3;
TOURNAMENT_06_05;турнир месяца;2023-11-01;2023-11-30;2023-12-13;2023-10-01;2023-10-31;;;;УДАЛЕН;CONTEST_06;{"""seasonCode""": """SEASON_2024"""};3;
TOURNAMENT_06_06;турнир месяца;2023-12-01;2023-12-31;2024-01-15;2023-11-01;2023-11-30;;;;УДАЛЕН;CONTEST_06;{"""seasonCode""": """SEASON_2024"""};3;
TOURNAMENT_07_01;турнир месяца;2023-07-01;2023-07-31;2023-08-31;2023-06-01;2023-06-30;;;;УДАЛЕН;CONTEST_07;{"""seasonCode""": """SEASON_2024"""};3;
TOURNAMENT_07_02;турнир месяца;2023-08-01;2023-08-31;2023-09-04;2023-07-01;2023-07-31;;;;УДАЛЕН;CONTEST_07;{"""seasonCode""": """SEASON_2024"""};3;
TOURNAMENT_07_03;турнир месяца;2023-09-01;2023-09-30;2023-10-07;2023-08-01;2023-08-31;;;;УДАЛЕН;CONTEST_07;{"""seasonCode""": """SEASON_2024"""};3;
TOURNAMENT_07_04;турнир месяца;2023-10-01;2023-10-31;2023-11-13;2023-09-01;2023-09-30;;;;УДАЛЕН;CONTEST_07;{"""seasonCode""": """SEASON_2024"""};3;
TOURNAMENT_07_05;турнир месяца;2023-11-01;2023-11-30;2023-12-13;2023-10-01;2023-10-31;;;;УДАЛЕН;CONTEST_07;{"""seasonCode""": """SEASON_2024"""};3;
TOURNAMENT_07_06;турнир месяца;2023-12-01;2023-12-31;2024-01-15;2023-11-01;2023-11-30;;;;УДАЛЕН;CONTEST_07;{"""seasonCode""": """SEASON_2024"""};3;
TOURNAMENT_08_01_2023_11;турнир ноября;2023-11-01;2023-11-30;2023-12-29;;;;;;УДАЛЕН;CONTEST_08_01;{"""seasonCode""": """SEASON_2024"""};3;
TOURNAMENT_08_01_2023_12;турнир декабря;2023-12-01;2023-12-31;2024-01-24;;;;;;ЗАВЕРШЕН;CONTEST_08_01;{"""seasonCode""": """SEASON_2024"""};3;
TOURNAMENT_08_01_2024_01;турнир января;2024-01-01;2024-01-31;2024-02-14;;;;;;ЗАВЕРШЕН;CONTEST_08_01;{"""seasonCode""": """SEASON_2024"""};3;
TOURNAMENT_08_01_2024_02;турнир февраля;2024-02-01;2024-02-29;2024-03-24;;;;;;ЗАВЕРШЕН;CONTEST_08_01;{"""seasonCode""": """SEASON_2024"""};3;
TOURNAMENT_08_01_2024_03;турнир марта;2024-03-01;2024-03-31;2024-04-20;;;;;;ЗАВЕРШЕН;CONTEST_08_01;{"""seasonCode""": """SEASON_2024"""};3;
TOURNAMENT_08_01_2024_04;турнир апреля;2024-04-01;2024-04-30;2024-07-02;;;;;;ЗАВЕРШЕН;CONTEST_08_01;{"""seasonCode""": """SEASON_2024"""};3;
TOURNAMENT_08_01_2024_05;турнир мая;2024-05-01;2024-05-31;2024-07-02;;;;;;ЗАВЕРШЕН;CONTEST_08_01;{"""seasonCode""": """SEASON_2024"""};3;
TOURNAMENT_08_01_2024_06;турнир июня;2024-06-01;2024-06-30;2024-07-20;;;;;;ЗАВЕРШЕН;CONTEST_08_01;{"""seasonCode""": """SEASON_2024"""};3;
TOURNAMENT_08_01_2024_07;турнир июля;2024-07-01;2024-07-31;2024-08-20;;;;;;ЗАВЕРШЕН;CONTEST_08_01;{"""seasonCode""": """SEASON_2024"""};3;
TOURNAMENT_08_01_2024_08;турнир августа;2024-08-01;2024-08-31;2024-09-20;;;;;;ЗАВЕРШЕН;CONTEST_08_01;{"""seasonCode""": """SEASON_2024"""};3;
TOURNAMENT_08_01_2024_09;турнир сентября;2024-09-01;2024-09-30;2024-10-20;;;;;;ЗАВЕРШЕН;CONTEST_08_01;{"""seasonCode""": """SEASON_2024"""};3;
TOURNAMENT_08_01_2024_M10;турнир октября;2024-10-01;2024-10-31;2024-11-27;;;;;;ЗАВЕРШЕН;CONTEST_08_01;{"""seasonCode""": """SEASON_2024"""};3;
TOURNAMENT_08_01_2024_M11;турнир ноября;2024-11-01;2024-11-30;2024-12-20;;;;;;УДАЛЕН;CONTEST_08_01;{"""seasonCode""": """SEASON_2024"""};3;
TOURNAMENT_10_01_01;турнир 2 недели;2024-02-05;2024-02-18;2024-02-22;;;;;;УДАЛЕН;CONTEST_10_01;{"""seasonCode""": """SEASON_2024"""};1;
TOURNAMENT_10_01_02;турнир 2 недели;2024-02-12;2024-02-25;2024-03-15;;;;;;ЗАВЕРШЕН;CONTEST_10_01;{"""seasonCode""": """SEASON_2024"""};1;
TOURNAMENT_10_01_03;турнир 2 недели;2024-02-26;2024-03-10;2024-03-18;;;;;;ЗАВЕРШЕН;CONTEST_10_01;{"""seasonCode""": """SEASON_2024"""};1;
TOURNAMENT_10_01_04;турнир 2 недели;2024-03-11;2024-03-24;2024-04-23;;;;;;ЗАВЕРШЕН;CONTEST_10_01;{"""seasonCode""": """SEASON_2024"""};1;
TOURNAMENT_10_01_05;турнир 2 недели;2024-03-25;2024-04-07;2024-04-24;;;;;;ЗАВЕРШЕН;CONTEST_10_01;{"""seasonCode""": """SEASON_2024"""};1;
TOURNAMENT_10_01_06;турнир 3 недели;2024-04-22;2024-05-12;2024-05-26;;;;;;ЗАВЕРШЕН;CONTEST_10_01;{"""seasonCode""": """SEASON_2024"""};1;
TOURNAMENT_10_01_07;турнир 2 недели;2024-05-13;2024-05-26;2024-06-20;;;;;;ЗАВЕРШЕН;CONTEST_10_01;{"""seasonCode""": """SEASON_2024"""};1;
TOURNAMENT_10_01_08;турнир 2 недели;2024-05-27;2024-06-09;2024-06-28;;;;;;ЗАВЕРШЕН;CONTEST_10_01;{"""seasonCode""": """SEASON_2024"""};1;
TOURNAMENT_10_01_09;турнир 2 недели;2024-06-10;2024-06-23;2024-07-20;;;;;;УДАЛЕН;CONTEST_10_01;{"""seasonCode""": """SEASON_2024"""};1;
TOURNAMENT_11_01;произвольный;2023-01-01;2023-06-30;2023-10-10;;;;;;УДАЛЕН;CONTEST_11;{"""seasonCode""": """SEASON_2024"""};1;
TOURNAMENT_11_02;произвольный;2023-01-01;2023-06-30;2024-10-11;;;;;;ОТМЕНЕН;CONTEST_11;{"""seasonCode""": """SEASON_2024"""};1;
TOURNAMENT_12_01;произвольный;2023-07-01;2023-12-31;2024-04-20;;;;;;УДАЛЕН;CONTEST_12;{"""seasonCode""": """SEASON_2024"""};1;
TOURNAMENT_12_02;произвольный;2023-07-01;2023-12-31;2024-04-25;;;;;;УДАЛЕН;CONTEST_12;{"""seasonCode""": """SEASON_2024"""};1;
TOURNAMENT_12_03;произвольный;2023-07-01;2023-12-31;2024-05-13;;;;;;ЗАВЕРШЕН;CONTEST_12;{"""seasonCode""": """SEASON_2024"""};1;
TOURNAMENT_13_01;произвольный;2023-07-01;2023-12-31;2024-04-20;;;;;;УДАЛЕН;CONTEST_13;{"""seasonCode""": """SEASON_2024"""};1;
TOURNAMENT_13_02;произвольный;2023-07-01;2023-12-31;2024-04-25;;;;;;УДАЛЕН;CONTEST_13;{"""seasonCode""": """SEASON_2024"""};1;
TOURNAMENT_13_03;произвольный;2023-07-01;2023-12-31;2024-05-13;;;;;;ЗАВЕРШЕН;CONTEST_13;{"""seasonCode""": """SEASON_2024"""};1;
TOURNAMENT_14_01;произвольный;2023-07-01;2023-12-31;2024-05-19;;;;;;ЗАВЕРШЕН;CONTEST_14;{"""seasonCode""": """SEASON_2024"""};1;
TOURNAMENT_15_01;произвольный;2023-07-01;2023-12-31;2024-05-19;;;;;;ЗАВЕРШЕН;CONTEST_15;{"""seasonCode""": """SEASON_2024"""};1;
TOURNAMENT_16_01;произвольный;2023-07-01;2023-12-31;2024-05-19;;;;;;ЗАВЕРШЕН;CONTEST_16;{"""seasonCode""": """SEASON_2024"""};1;
TOURNAMENT_17_01;произвольный;2023-07-01;2023-12-31;2024-05-19;;;;;;ЗАВЕРШЕН;CONTEST_17;{"""seasonCode""": """SEASON_2024"""};1;
TOURNAMENT_20_2024_Q04;турнир квартала;2024-10-01;2024-12-31;2024-12-31;2024-07-01;2024-09-30;;;;ЗАВЕРШЕН;CONTEST_20;{"""seasonCode""": """SEASON_2024"""};1;
TOURNAMENT_23_01;турнир квартала;2023-10-01;2023-12-31;2024-01-30;2023-07-01;2023-09-30;;;;УДАЛЕН;CONTEST_23;{"""seasonCode""": """SEASON_m_2024"""};1;
TOURNAMENT_23_2023_04;турнир квартала;2023-10-01;2023-12-31;2025-03-04;2023-07-01;2023-09-30;;;;ЗАВЕРШЕН;CONTEST_23;{"""seasonCode""": """SEASON_m_2024"""};1;
TOURNAMENT_25_2023_12;турнир 3 месяца;2023-12-01;2024-02-29;2024-03-15;;;;;;УДАЛЕН;CONTEST_25;{"""seasonCode""": """SEASON_2024"""};1;
TOURNAMENT_25_2024_02;турнир квартала;2024-04-01;2024-06-30;2024-07-15;2024-01-01;2024-03-31;;;;ЗАВЕРШЕН;CONTEST_25;{"""seasonCode""": """SEASON_2024"""};1;
TOURNAMENT_25_2024_03;турнир квартала;2024-07-01;2024-09-30;2024-10-20;2024-04-01;2024-06-30;;;;ЗАВЕРШЕН;CONTEST_25;{"""seasonCode""": """SEASON_2024"""};1;
TOURNAMENT_25_2024_04;турнир квартала;2024-10-01;2024-12-31;2024-12-31;2024-07-01;2024-09-30;;;;ЗАВЕРШЕН;CONTEST_25;{"""seasonCode""": """SEASON_2024"""};1;
TOURNAMENT_26_2023_12;турнир 3 месяца;2023-12-01;2024-02-29;2024-03-01;;;;;;ЗАВЕРШЕН;CONTEST_26;{"""seasonCode""": """SEASON_2024"""};1;
TOURNAMENT_28_03;турнир марта;2024-03-01;2024-03-31;2024-07-06;2024-02-01;2024-02-29;;;"[{""period_code"": 0, ""criterion_mark_type"": "">"", ""criterion_mark_value"": 0, ""start_dt"": ""2023-06-01"" , ""end_dt"": ""2023-06-30""}]";ЗАВЕРШЕН;CONTEST_28;{"""seasonCode""": """SEASON_2024"""};1;
TOURNAMENT_28_04;турнир апреля;2024-04-01;2024-04-30;2024-07-06;2024-03-01;2024-03-31;;;;ЗАВЕРШЕН;CONTEST_28;{"""seasonCode""": """SEASON_2024"""};1;
TOURNAMENT_28_05;турнир мая;2024-05-01;2024-05-31;2024-06-30;2024-04-01;2024-04-30;;;;ЗАВЕРШЕН;CONTEST_28;{"""seasonCode""": """SEASON_2024"""};1;
TOURNAMENT_28_06;турнир июня;2024-06-01;2024-06-30;2024-08-12;2024-05-01;2024-05-31;;;;ЗАВЕРШЕН;CONTEST_28;{"""seasonCode""": """SEASON_2024"""};1;
TOURNAMENT_28_07;турнир июля;2024-07-01;2024-07-31;2024-08-20;2024-06-01;2024-06-30;;;;ЗАВЕРШЕН;CONTEST_28;{"""seasonCode""": """SEASON_2024"""};1;
TOURNAMENT_28_08;турнир августа;2024-08-01;2024-08-31;2024-10-14;2024-07-01;2024-07-31;;;;ЗАВЕРШЕН;CONTEST_28;{"""seasonCode""": """SEASON_2024"""};1;
TOURNAMENT_28_09;турнир сентября;2024-09-01;2024-09-30;2024-10-14;2024-08-01;2024-08-31;;;;ЗАВЕРШЕН;CONTEST_28;{"""seasonCode""": """SEASON_2024"""};1;
TOURNAMENT_28_2024_M10;турнир октября;2024-10-01;2024-10-31;2024-11-20;2024-09-01;2024-09-30;;;;ЗАВЕРШЕН;CONTEST_28;{"""seasonCode""": """SEASON_2024"""};1;
TOURNAMENT_28_2024_M11;турнир ноября;2024-11-01;2024-11-30;2024-12-20;2024-10-01;2024-10-31;;;;УДАЛЕН;CONTEST_28;{"""seasonCode""": """SEASON_2024"""};1;
TOURNAMENT_29_03;турнир марта;2024-03-04;2024-03-31;2024-04-20;2024-02-01;2024-02-29;;;;ЗАВЕРШЕН;CONTEST_29;{"""seasonCode""": """SEASON_2024"""};1;
TOURNAMENT_29_04;турнир апреля;2024-04-01;2024-04-30;2024-06-20;2024-03-01;2024-03-31;;;;ЗАВЕРШЕН;CONTEST_29;{"""seasonCode""": """SEASON_2024"""};1;
TOURNAMENT_29_05;турнир мая;2024-05-01;2024-05-31;2024-06-30;2024-04-01;2024-04-30;;;;ЗАВЕРШЕН;CONTEST_29;{"""seasonCode""": """SEASON_2024"""};1;
TOURNAMENT_29_06;турнир июня;2024-06-01;2024-06-30;2024-07-13;2024-05-01;2024-05-31;;;;ЗАВЕРШЕН;CONTEST_29;{"""seasonCode""": """SEASON_2024"""};1;
TOURNAMENT_29_07;турнир июля;2024-07-01;2024-07-31;2024-08-27;2024-06-01;2024-06-30;;;;ЗАВЕРШЕН;CONTEST_29;{"""seasonCode""": """SEASON_2024"""};1;
TOURNAMENT_29_08;турнир августа;2024-08-01;2024-08-31;2024-10-16;2024-07-01;2024-07-31;;;;ЗАВЕРШЕН;CONTEST_29;{"""seasonCode""": """SEASON_2024"""};1;
TOURNAMENT_29_09;турнир сентября;2024-09-01;2024-09-30;2024-10-16;2024-08-01;2024-08-31;;;;ЗАВЕРШЕН;CONTEST_29;{"""seasonCode""": """SEASON_2024"""};1;
TOURNAMENT_29_2024_M10;турнир октября;2024-10-01;2024-10-31;2024-11-27;2024-09-01;2024-09-30;;;;ЗАВЕРШЕН;CONTEST_29;{"""seasonCode""": """SEASON_2024"""};1;
TOURNAMENT_29_2024_M11;турнир ноября;2024-11-01;2024-11-30;2024-12-20;2024-10-01;2024-10-31;;;;УДАЛЕН;CONTEST_29;{"""seasonCode""": """SEASON_2024"""};1;
TOURNAMENT_30_03;турнир марта;2024-03-01;2024-03-31;2024-07-06;2024-02-01;2024-02-29;;;;ЗАВЕРШЕН;CONTEST_30;{"""seasonCode""": """SEASON_2024"""};1;
TOURNAMENT_30_04;турнир апреля;2024-04-01;2024-04-30;2024-07-06;2024-03-01;2024-03-31;;;;ЗАВЕРШЕН;CONTEST_30;{"""seasonCode""": """SEASON_2024"""};1;
TOURNAMENT_30_05;турнир мая;2024-05-01;2024-05-31;2024-07-06;2024-04-01;2024-04-30;;;;ЗАВЕРШЕН;CONTEST_30;{"""seasonCode""": """SEASON_2024"""};1;
TOURNAMENT_30_06;турнир июня;2024-06-01;2024-06-30;2024-07-29;2024-05-01;2024-05-31;;;;ЗАВЕРШЕН;CONTEST_30;{"""seasonCode""": """SEASON_2024"""};1;
TOURNAMENT_30_07;турнир июля;2024-07-01;2024-07-31;2024-08-26;2024-06-01;2024-06-30;;;;ЗАВЕРШЕН;CONTEST_30;{"""seasonCode""": """SEASON_2024"""};1;
TOURNAMENT_30_08;турнир августа;2024-08-01;2024-08-31;2024-10-14;2024-07-01;2024-07-31;;;;ЗАВЕРШЕН;CONTEST_30;{"""seasonCode""": """SEASON_2024"""};1;
TOURNAMENT_30_09;турнир сентября;2024-09-01;2024-09-30;2024-10-14;2024-08-01;2024-08-31;;;;ЗАВЕРШЕН;CONTEST_30;{"""seasonCode""": """SEASON_2024"""};1;
TOURNAMENT_30_2024_M10;турнир октября;2024-10-01;2024-10-31;2024-11-20;2024-09-01;2024-09-30;;;;ЗАВЕРШЕН;CONTEST_30;{"""seasonCode""": """SEASON_2024"""};1;
TOURNAMENT_30_2024_M11;турнир ноября;2024-11-01;2024-11-30;2024-12-20;2024-10-01;2024-10-31;;;;УДАЛЕН;CONTEST_30;{"""seasonCode""": """SEASON_2024"""};1;
TOURNAMENT_31_01;произвольный;2024-04-01;2024-08-26;2024-08-26;;;;;;ЗАВЕРШЕН;CONTEST_31;{"""seasonCode""": """SEASON_2024"""};1;
TOURNAMENT_32_03;турнир марта;2024-03-01;2024-03-31;2024-03-31;2024-02-01;2024-02-29;;;;ЗАВЕРШЕН;CONTEST_32;{"""seasonCode""": """SEASON_2024"""};1;
TOURNAMENT_32_04;турнир апреля;2024-04-01;2024-04-30;2024-05-20;2024-03-01;2024-03-31;;;;ЗАВЕРШЕН;CONTEST_32;{"""seasonCode""": """SEASON_2024"""};1;
TOURNAMENT_32_05;турнир мая;2024-05-01;2024-05-31;2024-06-20;2024-04-01;2024-04-30;;;;ЗАВЕРШЕН;CONTEST_32;{"""seasonCode""": """SEASON_2024"""};1;
TOURNAMENT_32_06;турнир июня;2024-06-01;2024-06-30;2024-07-10;2024-05-01;2024-05-31;;;;ЗАВЕРШЕН;CONTEST_32;{"""seasonCode""": """SEASON_2024"""};1;
TOURNAMENT_32_07;турнир июля;2024-07-01;2024-07-31;2024-08-15;2024-06-01;2024-06-30;;;;ЗАВЕРШЕН;CONTEST_32;{"""seasonCode""": """SEASON_2024"""};1;
TOURNAMENT_32_08;турнир августа;2024-08-01;2024-08-31;2024-10-15;2024-07-01;2024-07-31;;;;ЗАВЕРШЕН;CONTEST_32;{"""seasonCode""": """SEASON_2024"""};1;
TOURNAMENT_32_09;турнир сентября;2024-09-01;2024-09-30;2024-10-15;2024-08-01;2024-08-31;;;;ЗАВЕРШЕН;CONTEST_32;{"""seasonCode""": """SEASON_2024"""};1;
TOURNAMENT_32_2024_M10;турнир октября;2024-10-01;2024-10-31;2024-11-08;2024-09-01;2024-09-30;;;;ЗАВЕРШЕН;CONTEST_32;{"""seasonCode""": """SEASON_2024"""};1;
TOURNAMENT_32_2024_M11;турнир ноября;2024-11-01;2024-11-30;2024-12-20;2024-10-01;2024-10-31;;;;УДАЛЕН;CONTEST_32;{"""seasonCode""": """SEASON_2024"""};1;
TOURNAMENT_33_03;турнир марта;2024-03-01;2024-03-31;2024-07-06;2024-02-01;2024-02-29;;;;ЗАВЕРШЕН;CONTEST_33;{"""seasonCode""": """SEASON_2024"""};1;
TOURNAMENT_33_04;турнир апреля;2024-04-01;2024-04-30;2024-06-20;2024-03-01;2024-03-31;;;;ЗАВЕРШЕН;CONTEST_33;{"""seasonCode""": """SEASON_2024"""};1;
TOURNAMENT_33_05;турнир мая;2024-05-01;2024-05-31;2024-06-30;2024-04-01;2024-04-30;;;;ЗАВЕРШЕН;CONTEST_33;{"""seasonCode""": """SEASON_2024"""};1;
TOURNAMENT_33_06;турнир июня;2024-06-01;2024-06-30;2024-07-30;2024-05-01;2024-05-31;;;;ЗАВЕРШЕН;CONTEST_33;{"""seasonCode""": """SEASON_2024"""};1;
TOURNAMENT_33_07;турнир июля;2024-07-01;2024-07-31;2024-08-26;2024-06-01;2024-06-30;;;;ЗАВЕРШЕН;CONTEST_33;{"""seasonCode""": """SEASON_2024"""};1;
TOURNAMENT_33_08;турнир августа;2024-08-01;2024-08-31;2024-10-15;2024-07-01;2024-07-31;;;;ЗАВЕРШЕН;CONTEST_33;{"""seasonCode""": """SEASON_2024"""};1;
TOURNAMENT_33_09;турнир сентября;2024-09-01;2024-09-30;2024-10-14;2024-08-01;2024-08-31;;;;ЗАВЕРШЕН;CONTEST_33;{"""seasonCode""": """SEASON_2024"""};1;
TOURNAMENT_33_2024_M10;турнир октября;2024-10-01;2024-10-31;2024-11-18;2024-09-01;2024-09-30;;;;ЗАВЕРШЕН;CONTEST_33;{"""seasonCode""": """SEASON_2024"""};1;
TOURNAMENT_33_2024_M11;турнир ноября;2024-11-01;2024-11-30;2024-12-20;2024-10-01;2024-10-31;;;;УДАЛЕН;CONTEST_33;{"""seasonCode""": """SEASON_2024"""};1;
TOURNAMENT_34_03;турнир марта;2024-03-01;2024-03-31;2024-07-06;2024-02-01;2024-02-29;;;;ЗАВЕРШЕН;CONTEST_34;{"""seasonCode""": """SEASON_2024"""};1;
TOURNAMENT_34_04;турнир апреля;2024-04-01;2024-04-30;2024-07-06;2024-03-01;2024-03-31;;;;ЗАВЕРШЕН;CONTEST_34;{"""seasonCode""": """SEASON_2024"""};1;
TOURNAMENT_34_05;турнир мая;2024-05-01;2024-05-31;2024-07-05;2024-04-01;2024-04-30;;;;ЗАВЕРШЕН;CONTEST_34;{"""seasonCode""": """SEASON_2024"""};1;
TOURNAMENT_34_06;турнир июня;2024-06-01;2024-06-30;2024-07-31;2024-05-01;2024-05-31;;;;ЗАВЕРШЕН;CONTEST_34;{"""seasonCode""": """SEASON_2024"""};1;
TOURNAMENT_34_07;турнир июля;2024-07-01;2024-07-31;2024-08-30;2024-06-01;2024-06-30;;;;ЗАВЕРШЕН;CONTEST_34;{"""seasonCode""": """SEASON_2024"""};1;
TOURNAMENT_34_08;турнир августа;2024-08-01;2024-08-31;2024-10-14;2024-07-01;2024-07-31;;;;ЗАВЕРШЕН;CONTEST_34;{"""seasonCode""": """SEASON_2024"""};1;
TOURNAMENT_34_09;турнир сентября;2024-09-01;2024-09-30;2024-10-14;2024-08-01;2024-08-31;;;;ЗАВЕРШЕН;CONTEST_34;{"""seasonCode""": """SEASON_2024"""};1;
TOURNAMENT_34_2024_M10;турнир октября;2024-10-01;2024-10-31;2024-11-18;2024-09-01;2024-09-30;;;;ЗАВЕРШЕН;CONTEST_34;{"""seasonCode""": """SEASON_2024"""};1;
TOURNAMENT_34_2024_M11;турнир ноября;2024-11-01;2024-11-30;2024-12-20;2024-10-01;2024-10-31;;;;УДАЛЕН;CONTEST_34;{"""seasonCode""": """SEASON_2024"""};1;
TOURNAMENT_35_03;турнир марта;2024-03-01;2024-03-31;2024-04-20;2024-02-01;2024-02-29;;;;ЗАВЕРШЕН;CONTEST_35;{"""seasonCode""": """SEASON_2024"""};1;
TOURNAMENT_35_04;турнир апреля;2024-04-01;2024-04-30;2024-06-20;2024-03-01;2024-03-31;;;;ЗАВЕРШЕН;CONTEST_35;{"""seasonCode""": """SEASON_2024"""};1;
TOURNAMENT_35_05;турнир мая;2024-05-01;2024-05-31;2024-07-06;2024-04-01;2024-04-30;;;;ЗАВЕРШЕН;CONTEST_35;{"""seasonCode""": """SEASON_2024"""};1;
TOURNAMENT_35_06;турнир июня;2024-06-01;2024-06-30;2024-07-20;2024-05-01;2024-05-31;;;;ЗАВЕРШЕН;CONTEST_35;{"""seasonCode""": """SEASON_2024"""};1;
TOURNAMENT_35_07;турнир июля;2024-07-01;2024-07-31;2024-08-26;2024-06-01;2024-06-30;;;;ЗАВЕРШЕН;CONTEST_35;{"""seasonCode""": """SEASON_2024"""};1;
TOURNAMENT_35_08;турнир августа;2024-08-01;2024-08-31;2024-10-15;2024-07-01;2024-07-31;;;;ЗАВЕРШЕН;CONTEST_35;{"""seasonCode""": """SEASON_2024"""};1;
TOURNAMENT_35_09;турнир сентября;2024-09-01;2024-09-30;2024-10-14;2024-08-01;2024-08-31;;;;ЗАВЕРШЕН;CONTEST_35;{"""seasonCode""": """SEASON_2024"""};1;
TOURNAMENT_35_2024_M10;турнир октября;2024-10-01;2024-10-31;2024-11-18;2024-09-01;2024-09-30;;;;ЗАВЕРШЕН;CONTEST_35;{"""seasonCode""": """SEASON_2024"""};1;
TOURNAMENT_35_2024_M11;турнир ноября;2024-11-01;2024-11-30;2024-12-20;2024-10-01;2024-10-31;;;;УДАЛЕН;CONTEST_35;{"""seasonCode""": """SEASON_2024"""};1;
TOURNAMENT_36_02;турнир квартала;2024-04-01;2024-06-30;2024-07-17;2024-01-01;2024-03-31;;;;ЗАВЕРШЕН;CONTEST_36;{"""seasonCode""": """SEASON_2024"""};1;
TOURNAMENT_36_03;турнир квартала;2024-07-01;2024-09-30;2024-10-15;2024-04-01;2024-06-30;;;;ЗАВЕРШЕН;CONTEST_36;{"""seasonCode""": """SEASON_2024"""};1;
TOURNAMENT_36_2024_Q04;турнир квартала;2024-10-01;2024-12-31;2025-01-15;2024-07-01;2024-09-30;;;;ЗАВЕРШЕН;CONTEST_36;{"""seasonCode""": """SEASON_2024"""};1;
TOURNAMENT_37_02;турнир квартала;2024-04-01;2024-06-30;2024-07-17;2024-01-01;2024-03-31;;;;ЗАВЕРШЕН;CONTEST_37;{"""seasonCode""": """SEASON_2024"""};1;
TOURNAMENT_37_03;турнир квартала;2024-07-01;2024-09-30;2024-10-15;2024-04-01;2024-06-30;;;;ЗАВЕРШЕН;CONTEST_37;{"""seasonCode""": """SEASON_2024"""};1;
TOURNAMENT_37_2024_Q04;турнир квартала;2024-09-01;2024-12-31;2025-01-15;2024-07-01;2024-09-30;;;;ЗАВЕРШЕН;CONTEST_37;{"""seasonCode""": """SEASON_2024"""};1;
TOURNAMENT_38_00;турнир июня;2024-06-01;2024-06-30;2024-07-27;2024-05-01;2024-05-31;;;;ЗАВЕРШЕН;CONTEST_38;{"""seasonCode""": """SEASON_2024"""};1;
TOURNAMENT_38_01;турнир июля;2024-07-01;2024-07-31;2024-08-31;2024-06-01;2024-06-30;;;;ЗАВЕРШЕН;CONTEST_38;{"""seasonCode""": """SEASON_2024"""};1;
TOURNAMENT_38_02;турнир августа;2024-08-01;2024-08-31;2024-09-20;2024-07-01;2024-07-31;;;;ЗАВЕРШЕН;CONTEST_38;{"""seasonCode""": """SEASON_2024"""};1;
TOURNAMENT_38_03;турнир сентября;2024-09-01;2024-09-30;2024-10-19;2024-08-01;2024-08-31;;;;ЗАВЕРШЕН;CONTEST_38;{"""seasonCode""": """SEASON_2024"""};1;
TOURNAMENT_38_2024_M10;турнир октября;2024-10-01;2024-10-31;2024-11-13;2024-09-01;2024-09-30;;;;ЗАВЕРШЕН;CONTEST_38;{"""seasonCode""": """SEASON_2024"""};1;
TOURNAMENT_38_2024_M11;турнир ноября;2024-11-01;2024-11-30;2024-12-20;2024-10-01;2024-10-31;;;;УДАЛЕН;CONTEST_38;{"""seasonCode""": """SEASON_2024"""};1;
TOURNAMENT_39_01_00;произвольный;2024-04-27;2024-12-31;2025-02-12;;;;;;УДАЛЕН;CONTEST_39_01;{"""seasonCode""": """SEASON_2024"""};1;
TOURNAMENT_39_01;произвольный;2024-04-27;2024-12-31;2025-02-12;;;;;;УДАЛЕН;CONTEST_39_01;;1;
TOURNAMENT_39_02;произвольный;2024-04-27;2024-12-31;2025-02-12;;;;;;УДАЛЕН;CONTEST_39_02;;1;
TOURNAMENT_39_03;произвольный;2024-04-27;2024-12-31;2025-02-12;;;;;;УДАЛЕН;CONTEST_39_03;;1;
TOURNAMENT_40_02;турнир квартала;2024-04-01;2024-06-30;2025-01-31;;;;;;УДАЛЕН;CONTEST_41;{"""seasonCode""": """SEASON_2024"""};1;
TOURNAMENT_41_01;турнир 4 месяца;2024-09-01;2024-12-31;2025-01-19;;;;;;ЗАВЕРШЕН;CONTEST_41;{"""seasonCode""": """SEASON_2024"""};1;
TOURNAMENT_41_02;турнир 3 месяца;2024-04-01;2024-06-30;2024-12-29;;;;;;УДАЛЕН;CONTEST_41;{"""seasonCode""": """SEASON_2024"""};1;
TOURNAMENT_42_01;турнир квартала;2024-04-25;2024-07-29;2024-07-29;2024-01-01;2024-03-31;;;;ЗАВЕРШЕН;CONTEST_42;{"""seasonCode""": """SEASON_2024"""};1;
TOURNAMENT_43_2024_Y01;турнир года;2024-01-01;2024-12-31;2025-07-01;;;;;;ЗАВЕРШЕН;CONTEST_43;;1;
TOURNAMENT_43_2025_Y01;турнир года;2025-01-01;2025-12-31;2026-01-20;;;;;;АКТИВНЫЙ;CONTEST_43;;1;
TOURNAMENT_44_2024_08;турнир 2 месяца;2024-08-01;2024-09-30;2024-10-18;;;;;;ЗАВЕРШЕН;CONTEST_44;{"""seasonCode""": """SEASON_2024"""};1;
TOURNAMENT_44_2024_Q04;турнир квартала;2024-10-01;2024-12-31;2025-01-15;;;;;;ЗАВЕРШЕН;CONTEST_44;{"""seasonCode""": """SEASON_2024"""};1;
TOURNAMENT_45_2024_08;турнир 2 месяца;2024-08-01;2024-09-30;2024-10-15;;;;;;ЗАВЕРШЕН;CONTEST_45;{"""seasonCode""": """SEASON_2024"""};1;
TOURNAMENT_45_2024_Q04;турнир квартала;2024-10-01;2024-12-31;2025-01-15;;;;;;ЗАВЕРШЕН;CONTEST_45;{"""seasonCode""": """SEASON_2024"""};1;
TOURNAMENT_46_2024_09;турнир квартала;2024-10-01;2024-12-31;2025-01-15;;;;;;ЗАВЕРШЕН;CONTEST_46;{"""seasonCode""": """SEASON_2024"""};1;
TOURNAMENT_47_2024_Q04;турнир квартала;2024-10-01;2024-12-31;2025-01-16;2024-07-01;2024-09-30;;;;ЗАВЕРШЕН;CONTEST_47;;1;
TOURNAMENT_50_01;турнир года;2024-04-01;2024-12-31;;;;;;;ОТМЕНЕН;CONTEST_50;{"""seasonCode""": """SEASON_2024"""};1;
TOURNAMENT_51_01;турнир года;2024-04-01;2024-12-31;;;;;;;ОТМЕНЕН;CONTEST_51;{"""seasonCode""": """SEASON_2024"""};1;
TOURNAMENT_52_01;турнир года;2024-04-01;2024-12-31;;;;;;;ОТМЕНЕН;CONTEST_52;{"""seasonCode""": """SEASON_2024"""};1;
TOURNAMENT_55_01;турнир года;2024-08-01;4000-01-01;;;;;;;ОТМЕНЕН;CONTEST_55;{"""seasonCode""": """SEASON_2024"""};1;
TOURNAMENT_62_2024_Y01;турнир года;2024-10-01;2024-12-31;;;;;;;ОТМЕНЕН;CONTEST_62;{"""seasonCode""": """SEASON_2024"""};1;
TOURNAMENT_63_2024_Y01;турнир года;2024-10-01;2024-12-31;;;;;;;ОТМЕНЕН;CONTEST_63;{"""seasonCode""": """SEASON_2024"""};1;
TOURNAMENT_64_2024_Y01;турнир года;2024-10-01;2024-12-31;;;;;;;ОТМЕНЕН;CONTEST_64;{"""seasonCode""": """SEASON_2024"""};1;
TOURNAMENT_65_2024_P01;произвольный;2024-01-01;2024-06-30;2024-12-13;;;;;;ЗАВЕРШЕН;CONTEST_65;{"""seasonCode""": """SEASON_2024"""};1;
TOURNAMENT_66_2024_P02;произвольный;2024-07-01;2024-12-31;2025-07-20;;;;;;ЗАВЕРШЕН;CONTEST_66;;1;
TOURNAMENT_67_2024_Y01;произвольный;2024-01-01;2024-12-31;2025-07-20;;;;;;ЗАВЕРШЕН;CONTEST_67;;1;
TOURNAMENT_68_2024_M12;турнир декабря;2024-12-01;2024-12-24;2024-12-24;;;;;;ЗАВЕРШЕН;CONTEST_68;{"""seasonCode""": """NON"""};1;
TOURNAMENT_69_2024_M12;турнир декабря;2024-12-01;2024-12-24;2024-12-24;;;;;;ЗАВЕРШЕН;CONTEST_69;{"""seasonCode""": """NON"""};1;
TOURNAMENT_91_01;произвольный;2024-10-01;4000-01-01;;;;;;;АКТИВНЫЙ;CONTEST_91;{"""seasonCode""": """SEASON_2024"""};1;
TOURNAMENT_92_01;произвольный;2024-10-01;4000-01-01;;;;;;;АКТИВНЫЙ;CONTEST_92;{"""seasonCode""": """SEASON_2024"""};1;
TOURNAMENT_93_01;произвольный;2024-10-01;4000-01-01;;;;;;;АКТИВНЫЙ;CONTEST_93;{"""seasonCode""": """SEASON_2024"""};1;
TOURNAMENT_94_01;произвольный;2024-10-01;4000-01-01;;;;;;;АКТИВНЫЙ;CONTEST_94;{"""seasonCode""": """SEASON_2024"""};1;
TOURNAMENT_95_01;произвольный;2024-10-01;4000-01-01;;;;;;;АКТИВНЫЙ;CONTEST_95;{"""seasonCode""": """SEASON_2024"""};1;
TOURNAMENT_96_01;произвольный;2024-10-01;4000-01-01;;;;;;;АКТИВНЫЙ;CONTEST_96;{"""seasonCode""": """SEASON_2024"""};1;
TOURNAMENT_m_01_02;турнир квартала;2024-04-01;2024-06-30;2025-03-04;2024-01-01;2024-03-31;;;;ЗАВЕРШЕН;CONTEST_m_01;{"""seasonCode""": """SEASON_m_2024"""};1;
TOURNAMENT_m_01_03;турнир квартала;2024-07-01;2024-09-30;2024-10-20;2024-04-01;2024-06-30;;;;УДАЛЕН;CONTEST_m_01;{"""seasonCode""": """SEASON_m_2024"""};1;
TOURNAMENT_m_02_02;турнир квартала;2024-04-01;2024-06-30;2024-07-20;2024-01-01;2024-03-31;;;;УДАЛЕН;CONTEST_m_02;{"""seasonCode""": """SEASON_m_2024"""};1;
TOURNAMENT_m_03_2024_Q04;турнир квартала;2024-10-01;2024-12-31;2025-03-04;2024-06-01;2024-09-30;;;;ЗАВЕРШЕН;CONTEST_m_03;{"""seasonCode""": """SEASON_m_2024"""};1;
TOURNAMENT_m_04_2024_Q04;турнир квартала;2024-10-01;2024-12-31;2025-03-04;2024-06-01;2024-09-30;;;;ЗАВЕРШЕН;CONTEST_m_04;{"""seasonCode""": """SEASON_m_2024"""};1;
TOURNAMENT_m_05_2024_Q04;турнир квартала;2024-10-01;2024-12-31;2025-03-04;2024-06-01;2024-09-30;;;;ЗАВЕРШЕН;CONTEST_m_05;{"""seasonCode""": """SEASON_m_2024"""};1;
TOURNAMENT_m_06_2024_Q04;турнир квартала;2024-10-01;2024-12-31;2025-03-04;2024-06-01;2024-09-30;;;;ЗАВЕРШЕН;CONTEST_m_06;{"""seasonCode""": """SEASON_m_2024"""};1;
TOURNAMENT_m_07_2024_Q04;турнир квартала;2024-10-01;2024-12-31;2025-03-04;2024-06-01;2024-09-30;;;;ЗАВЕРШЕН;CONTEST_m_07;{"""seasonCode""": """SEASON_m_2024"""};1;
TOURNAMENT_m_08_2024_Y01;турнир года;2024-10-01;2024-11-01;;;;;;;ОТМЕНЕН;CONTEST_m_08;{"""seasonCode""": """SEASON_m_2024"""};1;
TOURNAMENT_m_23_02;турнир квартала;2024-04-01;2024-06-30;2025-03-04;2024-01-01;2024-03-31;;;;ЗАВЕРШЕН;CONTEST_23;{"""seasonCode""": """SEASON_m_2024"""};1;
TOURNAMENT_m_23_03;турнир квартала;2024-07-01;2024-09-30;2025-03-04;2024-04-01;2024-06-30;;;;ЗАВЕРШЕН;CONTEST_23;{"""seasonCode""": """SEASON_m_2024"""};1;
TOURNAMENT_m_23_2024_Q04;турнир квартала;2024-10-01;2024-12-31;2025-03-04;2024-07-01;2024-09-30;;;;ЗАВЕРШЕН;CONTEST_23;{"""seasonCode""": """SEASON_m_2024"""};1;
TOURNAMENT_s_01_01;турнир квартала;2024-04-01;4000-01-01;;;;;;;ПОДВЕДЕНИЕ ИТОГОВ;CONTEST_s_01_01;{"""seasonCode""": """SEASON_s_2024"""};1;
TOURNAMENT_s_01_02;турнир квартала;2024-04-01;4000-01-01;;;;;;;ПОДВЕДЕНИЕ ИТОГОВ;CONTEST_s_01_02;{"""seasonCode""": """SEASON_s_2024"""};1;
TOURNAMENT_s_01_03;турнир квартала;2024-04-01;4000-01-01;;;;;;;ПОДВЕДЕНИЕ ИТОГОВ;CONTEST_s_01_03;{"""seasonCode""": """SEASON_s_2024"""};1;
TOURNAMENT_s_03_2024_Q04;турнир квартала;2024-10-01;2024-12-31;2025-02-12;;;;;;ОТМЕНЕН;CONTEST_s_03;{"""seasonCode""": """SEASON_s_2024"""};1;
TOURNAMENT_s_04_2024_Q04;турнир квартала;2024-10-01;2024-12-31;2025-02-12;;;;;;ОТМЕНЕН;CONTEST_s_04;{"""seasonCode""": """SEASON_s_2024"""};1;
TOURNAMENT_s_05_2024_Y01;турнир года;2024-10-01;2024-11-01;;;;;;;ОТМЕНЕН;CONTEST_s_05;{"""seasonCode""": """SEASON_s_2024"""};1;
TOURNAMENT_s_06_2024_Y01;турнир года;2024-10-01;2024-11-01;;;;;;;ОТМЕНЕН;CONTEST_s_06;{"""seasonCode""": """SEASON_s_2024"""};1;
TOURNAMENT_s_07_2024_Y01;турнир года;2024-10-01;2024-12-31;;;;;;;УДАЛЕН;CONTEST_s_07;{"""seasonCode""": """SEASON_s_2024"""};1;
t_01_2025-0_12-1_1_1001;турнир года;2025-01-01;2025-12-31;2026-04-30;;;;;;АКТИВНЫЙ;01_2025-0_12-1_1;;1;
t_01_2025-0_12-1_1_1002;турнир года;2025-01-01;2025-12-31;2026-04-30;;;;;;АКТИВНЫЙ;01_2025-0_12-1_1;;1;
t_01_2025-0_10-1_1_1001;турнир года;2025-01-01;2025-12-31;2026-04-30;;;;;;АКТИВНЫЙ;01_2025-0_10-1_1;;0;
t_01_2025-0_10-1_2_1001;турнир года;2025-01-01;2025-12-31;2026-04-30;;;;;;АКТИВНЫЙ;01_2025-0_10-1_2;;0;
t_01_2025-0_10-1_3_1001;турнир года;2025-01-01;2025-12-31;2026-04-30;;;;;;АКТИВНЫЙ;01_2025-0_10-1_3;;0;
t_01_2025-0_10-1_4_1001;турнир года;2025-01-01;2025-12-31;2026-04-30;;;;;;АКТИВНЫЙ;01_2025-0_10-1_4;;0;
t_01_2025-1_09-1_1_3021;турнир февраля;2025-02-01;2025-02-28;2025-04-16;;;;;;ЗАВЕРШЕН;01_2025-1_09-1_1;{"""seasonCode""": """SEASON_2025_1"""};1;
t_01_2025-1_09-1_1_3031;турнир марта;2025-03-01;2025-03-31;2025-04-14;;;;;;ЗАВЕРШЕН;01_2025-1_09-1_1;{"""seasonCode""": """SEASON_2025_1"""};1;
t_01_2025-1_09-1_1_3041;турнир апреля;2025-04-01;2025-04-30;2025-05-12;;;;;;ЗАВЕРШЕН;01_2025-1_09-1_1;{"""seasonCode""": """SEASON_2025_1"""};1;
t_01_2025-1_09-1_1_3051;турнир мая;2025-05-01;2025-05-31;2025-06-20;;;;;;ЗАВЕРШЕН;01_2025-1_09-1_1;{"""seasonCode""": """SEASON_2025_1"""};1;
t_01_2025-1_09-1_1_3061;турнир июня;2025-06-01;2025-06-30;2025-07-20;;;;;;ЗАВЕРШЕН;01_2025-1_09-1_1;{"""seasonCode""": """SEASON_2025_1"""};1;
t_01_2025-2_09-1_1_3071;турнир июля;2025-07-01;2025-07-31;2025-08-20;;;;;;ЗАВЕРШЕН;01_2025-2_09-1_1;{"""seasonCode""": """SEASON_2025_2"""};1;
t_01_2025-2_09-1_1_3081;турнир августа;2025-08-01;2025-08-31;2025-09-20;;;;;;ЗАВЕРШЕН;01_2025-2_09-1_1;{"""seasonCode""": """SEASON_2025_2"""};1;
t_01_2025-2_09-1_1_3091;турнир сентября;2025-09-01;2025-09-30;2025-10-20;;;;;;ПОДВЕДЕНИЕ ИТОГОВ;01_2025-2_09-1_1;{"""seasonCode""": """SEASON_2025_2"""};1;
t_01_2025-2_09-1_1_3101;турнир октября;2025-10-01;2025-10-31;2025-11-20;;;;;;АКТИВНЫЙ;01_2025-2_09-1_1;{"""seasonCode""": """SEASON_2025_2"""};1;
t_01_2025-2_09-1_1_3111;турнир ноября;2025-11-01;2025-11-30;2025-12-20;;;;;;АКТИВНЫЙ;01_2025-2_09-1_1;{"""seasonCode""": """SEASON_2025_2"""};1;
t_01_2025-0_13-1_1_1001;турнир года;2025-01-01;2025-12-31;2026-04-30;;;;;;АКТИВНЫЙ;01_2025-0_13-1_1;;0;
t_01_2025-0_13-1_2_1001;турнир года;2025-01-01;2025-12-31;2026-04-30;;;;;;АКТИВНЫЙ;01_2025-0_13-1_2;;0;
t_01_2025-0_13-1_3_1001;турнир года;2025-01-01;2025-12-31;2026-04-30;;;;;;АКТИВНЫЙ;01_2025-0_13-1_3;;0;
t_01_2025-1_14-1_1_3021;турнир февраля;2025-02-01;2025-02-28;2025-04-05;;;;;;ЗАВЕРШЕН;01_2025-1_14-1_1;{"""seasonCode""": """SEASON_2025_1"""};1;
t_01_2025-1_14-1_1_3031;турнир марта;2025-03-01;2025-03-31;2025-04-19;;;;;;ЗАВЕРШЕН;01_2025-1_14-1_1;{"""seasonCode""": """SEASON_2025_1"""};1;
t_01_2025-1_14-1_1_3041;турнир апреля;2025-04-01;2025-04-30;2025-05-17;;;;;;ЗАВЕРШЕН;01_2025-1_14-1_1;{"""seasonCode""": """SEASON_2025_1"""};1;
t_01_2025-1_14-1_1_3051;турнир мая;2025-05-01;2025-05-31;2025-06-20;;;;;;ЗАВЕРШЕН;01_2025-1_14-1_1;{"""seasonCode""": """SEASON_2025_1"""};1;
t_01_2025-1_14-1_1_3061;турнир июня;2025-06-01;2025-06-30;2025-07-20;;;;;;ЗАВЕРШЕН;01_2025-1_14-1_1;{"""seasonCode""": """SEASON_2025_1"""};1;
t_01_2025-2_14-1_1_3071;турнир июля;2025-07-01;2025-07-31;2025-08-20;;;;;;ЗАВЕРШЕН;01_2025-2_14-1_1;{"""seasonCode""": """SEASON_2025_2"""};1;
t_01_2025-2_14-1_1_3081;турнир августа;2025-08-01;2025-08-31;2025-09-20;;;;;;ЗАВЕРШЕН;01_2025-2_14-1_1;{"""seasonCode""": """SEASON_2025_2"""};1;
t_01_2025-2_14-1_1_3091;турнир сентября;2025-09-01;2025-09-30;2025-10-20;;;;;;ПОДВЕДЕНИЕ ИТОГОВ;01_2025-2_14-1_1;{"""seasonCode""": """SEASON_2025_2"""};1;
t_01_2025-2_14-1_1_3101;турнир октября;2025-10-01;2025-10-31;2025-11-20;;;;;;АКТИВНЫЙ;01_2025-2_14-1_1;{"""seasonCode""": """SEASON_2025_2"""};1;
t_01_2025-2_14-1_1_3111;турнир ноября;2025-11-01;2025-11-30;2025-12-20;;;;;;АКТИВНЫЙ;01_2025-2_14-1_1;{"""seasonCode""": """SEASON_2025_2"""};1;
t_01_2025-1_16-1_1_2011;турнир 1 квартала;2025-01-01;2025-03-31;2025-04-09;;;;;;ЗАВЕРШЕН;01_2025-1_16-1_1;{"""seasonCode""": """SEASON_2025_1"""};1;
t_01_2025-1_16-1_1_2021;турнир 2 квартала;2025-04-01;2025-06-30;2025-07-09;;;;;;ЗАВЕРШЕН;01_2025-1_16-1_1;{"""seasonCode""": """SEASON_2025_1"""};1;
t_01_2025-2_16-1_1_2031;турнир 3 квартала;2025-07-01;2025-09-30;2025-10-20;;;;;;ПОДВЕДЕНИЕ ИТОГОВ;01_2025-2_16-1_1;{"""seasonCode""": """SEASON_2025_2"""};1;
t_01_2025-2_16-1_1_2041;турнир 4 квартала;2025-10-01;2025-12-31;2026-02-05;;;;;;АКТИВНЫЙ;01_2025-2_16-1_1;{"""seasonCode""": """SEASON_2025_2"""};1;
t_01_2025-1_02-1_1_3021;турнир февраля;2025-02-01;2025-02-28;2025-04-07;;;>;0;"[{""period_code"": 1, ""criterion_mark_type"": "">="", ""criterion_mark_value"": 0, ""start_dt"":""2025-01-01"", ""end_dt"":""2025-01-31""}]";ЗАВЕРШЕН;01_2025-1_02-1_1;{"""seasonCode""": """SEASON_2025_1"""};0;
t_01_2025-1_02-1_1_3031;турнир марта;2025-03-01;2025-03-31;2025-04-20;;;>;0;"[{""period_code"": 1, ""criterion_mark_type"": "">="", ""criterion_mark_value"": 0, ""start_dt"":""2025-02-01"", ""end_dt"":""2025-02-28""}]";ЗАВЕРШЕН;01_2025-1_02-1_1;{"""seasonCode""": """SEASON_2025_1"""};0;
t_01_2025-1_02-2_2_3021;турнир февраля;2025-02-01;2025-02-28;2025-04-07;;;>;0;"[{""period_code"": 1, ""criterion_mark_type"": "">="", ""criterion_mark_value"": 0, ""start_dt"":""2025-01-01"", ""end_dt"":""2025-01-31""}]";ЗАВЕРШЕН;01_2025-1_02-2_2;{"""seasonCode""": """SEASON_2025_1"""};0;
t_01_2025-1_02-2_2_3031;турнир марта;2025-03-01;2025-03-31;2025-04-20;;;>;0;"[{""period_code"": 1, ""criterion_mark_type"": "">="", ""criterion_mark_value"": 0, ""start_dt"":""2025-02-01"", ""end_dt"":""2025-02-28""}]";ЗАВЕРШЕН;01_2025-1_02-2_2;{"""seasonCode""": """SEASON_2025_1"""};0;
t_01_2025-0_08-2_3_4001;турнир 1 квартала;2025-01-01;2025-03-31;2025-07-01;;;;;;ЗАВЕРШЕН;01_2025-0_08-2_3;;1;
t_01_2025-0_08-2_3_2021;турнир 2 квартала;2025-04-01;2025-06-30;2025-07-13;;;;;;ЗАВЕРШЕН;01_2025-0_08-2_3;{"""seasonCode""": """SEASON_2025_1"""};1;
t_01_2025-0_08-2_3_2031;турнир 3 квартала;2025-07-01;2025-09-30;2025-10-09;;;;;;ЗАВЕРШЕН;01_2025-0_08-2_3;{"""seasonCode""": """SEASON_2025_2"""};1;
t_01_2025-0_08-2_3_2041;турнир 4 квартала;2025-10-01;2025-12-31;2026-02-05;;;;;;АКТИВНЫЙ;01_2025-0_08-2_3;{"""seasonCode""": """SEASON_2025_2"""};1;
t_01_2025-1_05-1_1_3021;турнир февраля;2025-02-01;2025-02-28;2025-04-07;;;;;;ЗАВЕРШЕН;01_2025-1_05-1_1;{"""seasonCode""": """SEASON_2025_1"""};1;
t_01_2025-1_05-1_1_3031;турнир марта;2025-03-01;2025-03-31;2025-04-14;;;;;;ЗАВЕРШЕН;01_2025-1_05-1_1;{"""seasonCode""": """SEASON_2025_1"""};1;
t_01_2025-1_05-1_1_3041;турнир апреля;2025-04-01;2025-04-30;2025-05-12;;;;;;ЗАВЕРШЕН;01_2025-1_05-1_1;{"""seasonCode""": """SEASON_2025_1"""};1;
t_01_2025-1_05-1_1_3051;турнир мая;2025-05-01;2025-05-31;2025-06-20;;;;;;ЗАВЕРШЕН;01_2025-1_05-1_1;{"""seasonCode""": """SEASON_2025_1"""};1;
t_01_2025-1_05-1_1_3061;турнир июня;2025-06-01;2025-06-30;2025-07-20;;;;;;ЗАВЕРШЕН;01_2025-1_05-1_1;{"""seasonCode""": """SEASON_2025_1"""};1;
t_01_2025-2_05-1_1_3071;турнир июля;2025-07-01;2025-07-31;2025-08-20;;;>;0;"[{"""period_code""": 1, """start_dt""": """2025-06-01""" , """end_dt""": """2025-06-30"""}]";ЗАВЕРШЕН;01_2025-2_05-1_1;{"""seasonCode""": """SEASON_2025_2"""};0;
t_01_2025-2_05-1_1_3081;турнир августа;2025-08-01;2025-08-31;2025-09-20;;;>;0;"[{"""period_code""": 1, """start_dt""": """2025-07-01""" , """end_dt""": """2025-07-31"""}]";ЗАВЕРШЕН;01_2025-2_05-1_1;{"""seasonCode""": """SEASON_2025_2"""};0;
t_01_2025-2_05-1_1_3091;турнир сентября;2025-09-01;2025-09-30;2025-10-20;;;>;0;"[{"""period_code""": 1, """start_dt""": """2025-08-01""" , """end_dt""": """2025-08-31"""}]";ПОДВЕДЕНИЕ ИТОГОВ;01_2025-2_05-1_1;{"""seasonCode""": """SEASON_2025_2"""};0;
t_01_2025-2_05-1_1_3101;турнир октября;2025-10-01;2025-10-31;2025-11-20;;;>;0;"[{"""period_code""": 1, """start_dt""": """2025-09-01""" , """end_dt""": """2025-09-30"""}]";АКТИВНЫЙ;01_2025-2_05-1_1;{"""seasonCode""": """SEASON_2025_2"""};0;
t_01_2025-2_05-1_1_3111;турнир ноября;2025-11-01;2025-11-30;2025-12-20;;;>;0;"[{"""period_code""": 1, """start_dt""": """2025-10-01""" , """end_dt""": """2025-10-31"""}]";АКТИВНЫЙ;01_2025-2_05-1_1;{"""seasonCode""": """SEASON_2025_2"""};0;
t_01_2025-1_08-1_1_3021;турнир февраля;2025-02-01;2025-02-28;2025-03-10;;;;;;ЗАВЕРШЕН;01_2025-1_08-1_1;{"""seasonCode""": """SEASON_2025_1"""};1;
t_01_2025-1_08-1_1_3031;турнир марта;2025-03-01;2025-03-31;2025-04-15;;;;;;ЗАВЕРШЕН;01_2025-1_08-1_1;{"""seasonCode""": """SEASON_2025_1"""};1;
t_01_2025-1_08-1_1_3041;турнир апреля;2025-04-01;2025-04-30;2025-05-15;;;;;;ЗАВЕРШЕН;01_2025-1_08-1_1;{"""seasonCode""": """SEASON_2025_1"""};1;
t_01_2025-1_08-1_1_3051;турнир мая;2025-05-01;2025-05-31;2025-06-20;;;;;;ЗАВЕРШЕН;01_2025-1_08-1_1;{"""seasonCode""": """SEASON_2025_1"""};1;
t_01_2025-1_08-1_1_3061;турнир июня;2025-06-01;2025-06-30;2025-07-13;;;;;;ЗАВЕРШЕН;01_2025-1_08-1_1;{"""seasonCode""": """SEASON_2025_1"""};1;
t_01_2025-2_08-1_1_3071;турнир июля;2025-07-01;2025-07-31;2025-08-20;;;;;;ЗАВЕРШЕН;01_2025-2_08-1_1;{"""seasonCode""": """SEASON_2025_2"""};1;
t_01_2025-2_08-1_1_3081;турнир августа;2025-08-01;2025-08-31;2025-09-20;;;;;;ЗАВЕРШЕН;01_2025-2_08-1_1;{"""seasonCode""": """SEASON_2025_2"""};1;
t_01_2025-2_08-1_1_3091;турнир сентября;2025-09-01;2025-09-30;2025-10-20;;;;;;ПОДВЕДЕНИЕ ИТОГОВ;01_2025-2_08-1_1;{"""seasonCode""": """SEASON_2025_2"""};1;
t_01_2025-2_08-1_1_3101;турнир октября;2025-10-01;2025-10-31;2025-11-20;;;;;;АКТИВНЫЙ;01_2025-2_08-1_1;{"""seasonCode""": """SEASON_2025_2"""};1;
t_01_2025-2_08-1_1_3111;турнир ноября;2025-11-01;2025-11-30;2025-12-20;;;;;;АКТИВНЫЙ;01_2025-2_08-1_1;{"""seasonCode""": """SEASON_2025_2"""};1;
t_01_2025-0_08-6_1_4001;произвольный;2025-01-01;2025-12-31;2026-01-30;;;;;;АКТИВНЫЙ;01_2025-0_08-6_1;;1;
t_01_2025-1_15-1_2_2011;турнир 1 квартала;2025-01-01;2025-03-31;2025-03-30;;;;;;ЗАВЕРШЕН;01_2025-1_15-1_2;{"""seasonCode""": """SEASON_2025_1"""};1;
t_01_2025-1_15-1_2_2021;турнир 2 квартала;2025-04-01;2025-06-30;2025-07-14;;;;;;ЗАВЕРШЕН;01_2025-1_15-1_2;{"""seasonCode""": """SEASON_2025_1"""};1;
t_01_2025-2_15-1_2_2031;турнир 3 квартала;2025-07-01;2025-09-30;2025-10-20;;;;;;ПОДВЕДЕНИЕ ИТОГОВ;01_2025-2_15-1_2;{"""seasonCode""": """SEASON_2025_2"""};1;
t_01_2025-2_15-1_2_2041;турнир 4 квартала;2025-10-01;2025-12-31;2026-02-05;;;;;;АКТИВНЫЙ;01_2025-2_15-1_2;{"""seasonCode""": """SEASON_2025_2"""};1;
t_04_2025-0_15-1_1_2011;турнир 1 квартала;2025-01-01;2025-03-31;2025-04-22;;;;;;ЗАВЕРШЕН;04_2025-0_15-1_1;{"""seasonCode""": """SEASON_f_2025"""};1;
t_04_2025-0_15-1_1_2021;турнир 2 квартала;2025-04-01;2025-06-30;2025-07-14;;;;;;ЗАВЕРШЕН;04_2025-0_15-1_1;{"""seasonCode""": """SEASON_f_2025"""};1;
t_04_2025-0_15-1_1_2031;турнир 3 квартала;2025-07-01;2025-09-30;2025-10-20;;;;;;ПОДВЕДЕНИЕ ИТОГОВ;04_2025-0_15-1_1;{"""seasonCode""": """SEASON_f_2025"""};1;
t_04_2025-0_15-1_1_2041;турнир 4 квартала;2025-10-01;2025-12-31;2026-02-05;;;;;;АКТИВНЫЙ;04_2025-0_15-1_1;{"""seasonCode""": """SEASON_f_2025"""};1;
t_04_2025-0_15-1_2_2011;турнир 1 квартала;2025-01-01;2025-03-31;2025-04-22;;;;;;ЗАВЕРШЕН;04_2025-0_15-1_2;{"""seasonCode""": """SEASON_f_2025"""};1;
t_04_2025-0_15-1_2_2021;турнир 2 квартала;2025-04-01;2025-06-30;2025-07-14;;;;;;ЗАВЕРШЕН;04_2025-0_15-1_2;{"""seasonCode""": """SEASON_f_2025"""};1;
t_04_2025-0_15-1_2_2031;турнир 3 квартала;2025-07-01;2025-09-30;2025-10-20;;;;;;ПОДВЕДЕНИЕ ИТОГОВ;04_2025-0_15-1_2;{"""seasonCode""": """SEASON_f_2025"""};1;
t_04_2025-0_15-1_2_2041;турнир 4 квартала;2025-10-01;2025-12-31;2026-02-05;;;;;;АКТИВНЫЙ;04_2025-0_15-1_2;{"""seasonCode""": """SEASON_f_2025"""};1;
t_04_2025-0_15-1_3_2011;турнир 1 квартала;2025-01-01;2025-03-31;2025-04-14;;;;;;ЗАВЕРШЕН;04_2025-0_15-1_3;{"""seasonCode""": """SEASON_f_2025"""};1;
t_04_2025-0_15-1_3_2021;турнир 2 квартала;2025-04-01;2025-06-30;2025-07-14;;;;;;ЗАВЕРШЕН;04_2025-0_15-1_3;{"""seasonCode""": """SEASON_f_2025"""};1;
t_04_2025-0_15-1_3_2031;турнир 3 квартала;2025-07-01;2025-09-30;2025-10-20;;;;;;ПОДВЕДЕНИЕ ИТОГОВ;04_2025-0_15-1_3;{"""seasonCode""": """SEASON_f_2025"""};1;
t_04_2025-0_15-1_3_2041;турнир 4 квартала;2025-10-01;2025-12-31;2026-02-05;;;;;;АКТИВНЫЙ;04_2025-0_15-1_3;{"""seasonCode""": """SEASON_f_2025"""};1;
t_04_2025-0_15-2_1_2011;турнир 1 квартала;2025-01-01;2025-03-31;2025-04-14;;;;;;ЗАВЕРШЕН;04_2025-0_15-2_1;{"""seasonCode""": """SEASON_f_2025"""};1;
t_04_2025-0_15-2_1_2021;турнир 2 квартала;2025-04-01;2025-06-30;2025-07-14;;;;;;ЗАВЕРШЕН;04_2025-0_15-2_1;{"""seasonCode""": """SEASON_f_2025"""};1;
t_04_2025-0_15-2_1_2031;турнир 3 квартала;2025-07-01;2025-09-30;2025-10-20;;;;;;ПОДВЕДЕНИЕ ИТОГОВ;04_2025-0_15-2_1;{"""seasonCode""": """SEASON_f_2025"""};1;
t_04_2025-0_15-2_1_2041;турнир 4 квартала;2025-10-01;2025-12-31;2026-02-05;;;;;;АКТИВНЫЙ;04_2025-0_15-2_1;{"""seasonCode""": """SEASON_f_2025"""};1;
t_04_2025-0_15-2_2_2011;турнир 1 квартала;2025-01-01;2025-03-31;2025-04-14;;;;;;ЗАВЕРШЕН;04_2025-0_15-2_2;{"""seasonCode""": """SEASON_f_2025"""};1;
t_04_2025-0_15-2_2_2021;турнир 2 квартала;2025-04-01;2025-06-30;2025-07-14;;;;;;ЗАВЕРШЕН;04_2025-0_15-2_2;{"""seasonCode""": """SEASON_f_2025"""};1;
t_04_2025-0_15-2_2_2031;турнир 3 квартала;2025-07-01;2025-09-30;2025-10-20;;;;;;ПОДВЕДЕНИЕ ИТОГОВ;04_2025-0_15-2_2;{"""seasonCode""": """SEASON_f_2025"""};1;
t_04_2025-0_15-2_2_2041;турнир 4 квартала;2025-10-01;2025-12-31;2026-02-05;;;;;;АКТИВНЫЙ;04_2025-0_15-2_2;{"""seasonCode""": """SEASON_f_2025"""};1;
t_04_2025-0_15-2_3_2011;турнир 1 квартала;2025-01-01;2025-03-31;2025-04-14;;;;;;ЗАВЕРШЕН;04_2025-0_15-2_3;{"""seasonCode""": """SEASON_f_2025"""};1;
t_04_2025-0_15-2_3_2021;турнир 2 квартала;2025-04-01;2025-06-30;2025-07-14;;;;;;ЗАВЕРШЕН;04_2025-0_15-2_3;{"""seasonCode""": """SEASON_f_2025"""};1;
t_04_2025-0_15-2_3_2031;турнир 3 квартала;2025-07-01;2025-09-30;2025-10-20;;;;;;ПОДВЕДЕНИЕ ИТОГОВ;04_2025-0_15-2_3;{"""seasonCode""": """SEASON_f_2025"""};1;
t_04_2025-0_15-2_3_2041;турнир 4 квартала;2025-10-01;2025-12-31;2026-02-05;;;;;;АКТИВНЫЙ;04_2025-0_15-2_3;{"""seasonCode""": """SEASON_f_2025"""};1;
t_01_2025-1_01-6_4001;произвольный;2025-01-01;2025-12-31;;;;;;;АКТИВНЫЙ;01_2025-1_01-6;;1;
t_05_2025-0_18-5_1_4001;турнир 2 квартала;2025-03-01;2025-06-30;2025-07-14;;;;;;ЗАВЕРШЕН;05_2025-0_18-5_1;{"""seasonCode""": """SEASON_kmsb1_2025"""};1;
t_05_2025-0_18-1_1_4001;турнир 2 квартала;2025-03-01;2025-06-30;2025-07-04;;;;;;ЗАВЕРШЕН;05_2025-0_18-1_1;{"""seasonCode""": """SEASON_kmsb1_2025"""};1;
t_05_2025-0_18-2_1_4001;турнир 2 квартала;2025-03-01;2025-06-30;2025-07-04;;;;;;ЗАВЕРШЕН;05_2025-0_18-2_1;{"""seasonCode""": """SEASON_kmsb1_2025"""};1;
t_05_2025-0_18-2_2_4001;турнир 2 месяца;2025-07-01;2025-08-31;2025-09-20;;;;;;УДАЛЕН;05_2025-0_18-2_2;{"""seasonCode""": """SEASON_kmsb1_2025"""};1;
t_05_2025-0_18-3_1_4001;турнир 2 квартала;2025-03-01;2025-06-30;2025-07-04;;;;;;ЗАВЕРШЕН;05_2025-0_18-3_1;{"""seasonCode""": """SEASON_kmsb1_2025"""};1;
t_05_2025-0_18-4_1_4001;турнир 2 квартала;2025-03-01;2025-06-30;2025-07-04;;;;;;ЗАВЕРШЕН;05_2025-0_18-4_1;{"""seasonCode""": """SEASON_kmsb1_2025"""};1;
t_06_2025-0_18-1_1_4001;турнир 2 квартала;2025-03-01;2025-06-30;2025-07-04;;;;;;ЗАВЕРШЕН;06_2025-0_18-1_1;{"""seasonCode""": """SEASON_imub_2025"""};1;
t_06_2025-0_18-2_1_4001;турнир 2 квартала;2025-03-01;2025-06-30;2025-07-04;;;;;;ЗАВЕРШЕН;06_2025-0_18-2_1;{"""seasonCode""": """SEASON_imub_2025"""};1;
t_06_2025-0_18-2_2_4001;турнир 2 месяца;2025-07-01;2025-08-31;2025-09-20;;;;;;УДАЛЕН;06_2025-0_18-2_2;{"""seasonCode""": """SEASON_imub_2025"""};1;
t_06_2025-0_18-3_1_4001;турнир 2 квартала;2025-03-01;2025-06-30;2025-07-04;;;;;;ЗАВЕРШЕН;06_2025-0_18-3_1;{"""seasonCode""": """SEASON_imub_2025"""};1;
t_06_2025-0_18-4_1_4001;турнир 2 квартала;2025-03-01;2025-06-30;2025-07-04;;;;;;ЗАВЕРШЕН;06_2025-0_18-4_1;{"""seasonCode""": """SEASON_imub_2025"""};1;
t_07_2025-0_18-1_1_4001;турнир 2 квартала;2025-03-01;2025-06-30;2025-07-04;;;;;;ЗАВЕРШЕН;07_2025-0_18-1_1;{"""seasonCode""": """SEASON_rnub_2025"""};1;
t_07_2025-0_18-2_1_4001;турнир 2 квартала;2025-03-01;2025-06-30;2025-07-04;;;;;;ЗАВЕРШЕН;07_2025-0_18-2_1;{"""seasonCode""": """SEASON_rnub_2025"""};1;
t_07_2025-0_18-2_2_4001;турнир 2 месяца;2025-07-01;2025-08-31;2025-09-20;;;;;;УДАЛЕН;07_2025-0_18-2_2;{"""seasonCode""": """SEASON_rnub_2025"""};1;
t_07_2025-0_18-4_1_4001;турнир 2 квартала;2025-03-01;2025-06-30;2025-07-04;;;;;;ЗАВЕРШЕН;07_2025-0_18-4_1;{"""seasonCode""": """SEASON_rnub_2025"""};1;
t_08_2025-0_18-1_1_4001;турнир 2 квартала;2025-03-01;2025-06-30;2025-07-04;;;;;;ЗАВЕРШЕН;08_2025-0_18-1_1;{"""seasonCode""": """SEASON_rsb1_2025"""};1;
t_08_2025-0_18-2_1_4001;турнир 2 квартала;2025-03-01;2025-06-30;2025-07-04;;;;;;ЗАВЕРШЕН;08_2025-0_18-2_1;{"""seasonCode""": """SEASON_rsb1_2025"""};1;
t_08_2025-0_18-2_2_4001;турнир 2 месяца;2025-07-01;2025-08-31;2025-09-20;;;;;;УДАЛЕН;08_2025-0_18-2_2;{"""seasonCode""": """SEASON_rsb1_2025"""};1;
t_08_2025-0_18-3_1_4001;турнир 2 квартала;2025-03-01;2025-06-30;2025-07-04;;;;;;ЗАВЕРШЕН;08_2025-0_18-3_1;{"""seasonCode""": """SEASON_rsb1_2025"""};1;
t_08_2025-0_18-4_1_4001;турнир 2 квартала;2025-03-01;2025-06-30;2025-07-04;;;;;;ЗАВЕРШЕН;08_2025-0_18-4_1;{"""seasonCode""": """SEASON_rsb1_2025"""};1;
t_05_2025-0_18-5_1_2011;турнир 1 квартала;2025-01-01;2025-03-31;2025-04-20;;;;;;УДАЛЕН;05_2025-0_18-5_1;{"""seasonCode""": """SEASON_kmsb1_2025"""};1;
t_05_2025-0_18-1_1_2011;турнир 1 квартала;2025-01-01;2025-03-31;2025-05-01;;;;;;УДАЛЕН;05_2025-0_18-1_1;{"""seasonCode""": """SEASON_kmsb1_2025"""};1;
t_05_2025-0_18-2_1_2011;турнир 1 квартала;2025-01-01;2025-03-31;2025-05-01;;;;;;УДАЛЕН;05_2025-0_18-4_1;{"""seasonCode""": """SEASON_kmsb1_2025"""};1;
t_05_2025-0_18-3_1_2011;турнир 1 квартала;2025-01-01;2025-03-31;2025-05-01;;;;;;УДАЛЕН;05_2025-0_18-3_1;{"""seasonCode""": """SEASON_kmsb1_2025"""};1;
t_05_2025-0_18-4_1_2011;турнир 1 квартала;2025-01-01;2025-03-31;2025-05-01;;;;;;УДАЛЕН;05_2025-0_18-4_1;{"""seasonCode""": """SEASON_kmsb1_2025"""};1;
t_06_2025-0_18-1_1_2011;турнир 1 квартала;2025-01-01;2025-03-31;2025-05-01;;;;;;УДАЛЕН;06_2025-0_18-1_1;{"""seasonCode""": """SEASON_imub_2025"""};1;
t_06_2025-0_18-2_1_2011;турнир 1 квартала;2025-01-01;2025-03-31;2025-05-01;;;;;;УДАЛЕН;06_2025-0_18-2_1;{"""seasonCode""": """SEASON_imub_2025"""};1;
t_06_2025-0_18-3_1_2011;турнир 1 квартала;2025-01-01;2025-03-31;2025-05-01;;;;;;УДАЛЕН;06_2025-0_18-3_1;{"""seasonCode""": """SEASON_imub_2025"""};1;
t_06_2025-0_18-4_1_2011;турнир 1 квартала;2025-01-01;2025-03-31;2025-05-01;;;;;;УДАЛЕН;06_2025-0_18-4_1;{"""seasonCode""": """SEASON_imub_2025"""};1;
t_07_2025-0_18-1_1_2011;турнир 1 квартала;2025-01-01;2025-03-31;2025-05-01;;;;;;УДАЛЕН;07_2025-0_18-1_1;{"""seasonCode""": """SEASON_rnub_2025"""};1;
t_07_2025-0_18-2_1_2011;турнир 1 квартала;2025-01-01;2025-03-31;2025-05-01;;;;;;УДАЛЕН;07_2025-0_18-2_1;{"""seasonCode""": """SEASON_rnub_2025"""};1;
t_07_2025-0_18-4_1_2011;турнир 1 квартала;2025-01-01;2025-03-31;2025-05-01;;;;;;УДАЛЕН;07_2025-0_18-4_1;{"""seasonCode""": """SEASON_rnub_2025"""};1;
t_08_2025-0_18-1_1_2011;турнир 1 квартала;2025-01-01;2025-03-31;2025-05-01;;;;;;УДАЛЕН;08_2025-0_18-1_1;{"""seasonCode""": """SEASON_rsb1_2025"""};1;
t_08_2025-0_18-2_1_2011;турнир 1 квартала;2025-01-01;2025-03-31;2025-05-01;;;;;;УДАЛЕН;08_2025-0_18-2_1;{"""seasonCode""": """SEASON_rsb1_2025"""};1;
t_08_2025-0_18-3_1_2011;турнир 1 квартала;2025-01-01;2025-03-31;2025-05-01;;;;;;УДАЛЕН;08_2025-0_18-3_1;{"""seasonCode""": """SEASON_rsb1_2025"""};1;
t_08_2025-0_18-4_1_2011;турнир 1 квартала;2025-01-01;2025-03-31;2025-05-01;;;;;;УДАЛЕН;08_2025-0_18-4_1;{"""seasonCode""": """SEASON_rsb1_2025"""};1;
t_05_2025-0_18-7_1_1001;турнир года;2025-01-01;2025-12-31;2026-04-30;;;;;;АКТИВНЫЙ;05_2025-0_18-7_1;{"""seasonCode""": """SEASON_kmsb1_2025"""};1;
t_05_2025-0_18-7_2_1001;турнир года;2025-01-01;2025-12-31;2026-04-30;;;;;;АКТИВНЫЙ;05_2025-0_18-7_2;{"""seasonCode""": """SEASON_kmsb1_2025"""};1;
t_05_2025-0_18-7_3_1001;турнир года;2025-01-01;2025-12-31;2026-04-30;;;;;;АКТИВНЫЙ;05_2025-0_18-7_3;{"""seasonCode""": """SEASON_kmsb1_2025"""};1;
t_05_2025-0_18-7_4_1001;турнир года;2025-01-01;2025-12-31;2026-04-30;;;;;;АКТИВНЫЙ;05_2025-0_18-7_4;{"""seasonCode""": """SEASON_kmsb1_2025"""};1;
t_01_2025-0_18-7_1_1001;турнир года;2025-01-01;2025-12-31;2026-04-30;;;;;;АКТИВНЫЙ;01_2025-0_18-7_1;;1;
t_01_2025-0_18-7_2_1001;турнир года;2025-01-01;2025-12-31;2026-04-30;;;;;;АКТИВНЫЙ;01_2025-0_18-7_2;;1;
t_01_2025-0_18-7_3_1001;турнир года;2025-01-01;2025-12-31;2026-04-30;;;;;;АКТИВНЫЙ;01_2025-0_18-7_3;;1;
t_01_2025-0_18-7_4_1001;турнир года;2025-01-01;2025-12-31;2026-04-30;;;;;;АКТИВНЫЙ;01_2025-0_18-7_4;;1;
t_01_2025-0_08-2_4_2011;турнир 1 квартала;2025-01-01;2025-03-31;2025-04-03;;;;;;ЗАВЕРШЕН;01_2025-0_08-2_4;{"""seasonCode""": """SEASON_2025_1"""};1;
t_01_2025-0_08-2_4_2021;турнир 2 квартала;2025-04-01;2025-06-30;2025-07-20;;;;;;УДАЛЕН;01_2025-0_08-2_4;{"""seasonCode""": """SEASON_2025_1"""};1;
t_01_2025-1_07-5_1_4001;март-июль;2025-03-01;2025-07-31;2025-08-05;;;;;;ЗАВЕРШЕН;01_2025-1_07-5_1;{"""seasonCode""": """SEASON_2025_1"""};1;
t_01_2025-1_07-5_2_4001;март-июль;2025-03-01;2025-07-31;2025-09-05;;;;;;УДАЛЕН;01_2025-1_07-5_2;{"""seasonCode""": """SEASON_2025_1"""};1;
t_01_2025-1_07-5_3_4001;март-июль;2025-03-01;2025-07-31;2025-08-05;;;;;;ЗАВЕРШЕН;01_2025-1_07-5_3;{"""seasonCode""": """SEASON_2025_1"""};1;
t_02_2025-1_07-5_1_4001;март-июль;2025-03-01;2025-07-31;2025-08-05;;;;;;ЗАВЕРШЕН;02_2025-1_07-5_1;{"""seasonCode""": """SEASON_m_2025_1"""};1;
t_02_2025-1_07-5_2_4001;март-июль;2025-03-01;2025-07-31;2025-09-05;;;;;;ПОДВЕДЕНИЕ ИТОГОВ;02_2025-1_07-5_2;{"""seasonCode""": """SEASON_m_2025_1"""};1;
t_02_2025-1_07-5_3_4001;март-июль;2025-01-01;2025-07-31;2025-08-05;;;;;;ЗАВЕРШЕН;02_2025-1_07-5_3;{"""seasonCode""": """SEASON_m_2025_1"""};1;
t_02_2025-1_07-2_1_2011;турнир 1 квартала;2025-01-01;2025-03-31;2025-04-17;;;;;;ЗАВЕРШЕН;02_2025-1_07-2_1;{"""seasonCode""": """SEASON_m_2025_1"""};1;
t_02_2025-1_07-2_1_2021;турнир 2 квартала;2025-04-01;2025-06-30;2025-07-05;;;;;;ЗАВЕРШЕН;02_2025-1_07-2_1;{"""seasonCode""": """SEASON_m_2025_1"""};1;
t_02_2025-2_07-2_1_2031;турнир 2 полугодия;2025-07-01;2025-12-31;2026-02-20;;;;;;АКТИВНЫЙ;02_2025-2_07-2_1;{"""seasonCode""": """SEASON_m_2025_2"""};1;
t_02_2025-1_07-1_1_2011;турнир 1 квартала;2025-01-01;2025-03-31;2025-04-17;;;;;;ЗАВЕРШЕН;02_2025-1_07-1_1;{"""seasonCode""": """SEASON_m_2025_1"""};1;
t_02_2025-1_07-1_1_2021;турнир 2 квартала;2025-04-01;2025-06-30;2025-07-05;;;;;;ЗАВЕРШЕН;02_2025-1_07-1_1;{"""seasonCode""": """SEASON_m_2025_1"""};1;
t_02_2025-2_07-1_1_2031;турнир 3 квартала;2025-07-01;2025-09-30;2025-10-20;;;;;;ПОДВЕДЕНИЕ ИТОГОВ;02_2025-2_07-1_1;{"""seasonCode""": """SEASON_m_2025_2"""};1;
t_02_2025-2_07-1_1_2041;турнир 4 квартала;2025-10-01;2025-12-31;2026-02-05;;;;;;АКТИВНЫЙ;02_2025-2_07-1_1;{"""seasonCode""": """SEASON_m_2025_2"""};1;
t_02_2025-1_07-5_4_2011;турнир 1 квартала;2025-01-01;2025-03-31;2025-04-17;;;;;;ЗАВЕРШЕН;02_2025-1_07-5_4;{"""seasonCode""": """SEASON_m_2025_1"""};1;
t_02_2025-1_07-5_4_2021;турнир 2 квартала;2025-04-01;2025-06-30;2025-07-05;;;;;;ЗАВЕРШЕН;02_2025-1_07-5_4;{"""seasonCode""": """SEASON_m_2025_1"""};1;
t_02_2025-2_07-5_4_2031;турнир 3 квартала;2025-07-01;2025-09-30;2025-10-20;;;;;;ПОДВЕДЕНИЕ ИТОГОВ;02_2025-2_07-5_4;{"""seasonCode""": """SEASON_m_2025_2"""};1;
t_02_2025-2_07-5_4_2041;турнир 4 квартала;2025-10-01;2025-12-31;2026-02-05;;;;;;АКТИВНЫЙ;02_2025-2_07-5_4;{"""seasonCode""": """SEASON_m_2025_2"""};1;
t_02_2025-1_07-7_1_2011;турнир 1 квартала;2025-01-01;2025-03-31;2025-04-17;;;;;;ЗАВЕРШЕН;02_2025-1_07-7_1;{"""seasonCode""": """SEASON_m_2025_1"""};1;
t_02_2025-1_07-7_1_2021;турнир 2 квартала;2025-04-01;2025-06-30;2025-07-05;;;;;;ЗАВЕРШЕН;02_2025-1_07-7_1;{"""seasonCode""": """SEASON_m_2025_1"""};1;
t_02_2025-2_07-7_1_2031;турнир 3 квартала;2025-07-01;2025-09-30;2025-10-20;;;;;;ПОДВЕДЕНИЕ ИТОГОВ;02_2025-2_07-7_1;{"""seasonCode""": """SEASON_m_2025_2"""};1;
t_02_2025-2_07-7_1_2041;турнир 4 квартала;2025-10-01;2025-12-31;2026-02-05;;;;;;АКТИВНЫЙ;02_2025-2_07-7_1;{"""seasonCode""": """SEASON_m_2025_2"""};1;
t_02_2025-1_07-8_1_2011;турнир 1 квартала;2025-01-01;2025-03-31;2025-04-17;;;;;;ЗАВЕРШЕН;02_2025-1_07-8_1;{"""seasonCode""": """SEASON_m_2025_1"""};1;
t_02_2025-1_07-8_1_2021;турнир 2 квартала;2025-04-01;2025-06-30;2025-07-05;;;;;;ЗАВЕРШЕН;02_2025-1_07-8_1;{"""seasonCode""": """SEASON_m_2025_1"""};1;
t_02_2025-2_07-8_1_2031;турнир 3 квартала;2025-07-01;2025-09-30;2025-10-20;;;;;;ПОДВЕДЕНИЕ ИТОГОВ;02_2025-2_07-8_1;{"""seasonCode""": """SEASON_m_2025_2"""};1;
t_02_2025-2_07-8_1_2041;турнир 4 квартала;2025-10-01;2025-12-31;2026-02-05;;;;;;АКТИВНЫЙ;02_2025-2_07-8_1;{"""seasonCode""": """SEASON_m_2025_2"""};1;
t_02_2025-1_07-9_1_2011;турнир 1 квартала;2025-01-01;2025-03-31;2025-04-17;;;;;;ЗАВЕРШЕН;02_2025-1_07-9_1;{"""seasonCode""": """SEASON_m_2025_1"""};1;
t_02_2025-1_07-9_1_2021;турнир 2 квартала;2025-04-01;2025-06-30;2025-07-05;;;;;;ЗАВЕРШЕН;02_2025-1_07-9_1;{"""seasonCode""": """SEASON_m_2025_1"""};1;
t_02_2025-2_07-9_1_2031;турнир 3 квартала;2025-07-01;2025-09-30;2025-10-20;;;;;;ПОДВЕДЕНИЕ ИТОГОВ;02_2025-2_07-9_1;{"""seasonCode""": """SEASON_m_2025_2"""};1;
t_02_2025-2_07-9_1_2041;турнир 4 квартала;2025-10-01;2025-12-31;2026-02-05;;;;;;АКТИВНЫЙ;02_2025-2_07-9_1;{"""seasonCode""": """SEASON_m_2025_2"""};1;
t_01_2025-1_01-7_1_4001;турнир 1 полугодия;2025-01-01;2025-06-30;2025-07-09;;;;;;ЗАВЕРШЕН;01_2025-1_01-7_1;{"""seasonCode""": """SEASON_2025_1"""};1;
t_01_2025-2_01-7_1_4001;турнир 2 полугодия;2025-07-01;2025-12-31;2026-01-25;;;;;;АКТИВНЫЙ;01_2025-2_01-7_1;{"""seasonCode""": """SEASON_2025_2"""};1;
t_01_2025-1_07-5_5_4001;март-июль;2025-03-01;2025-07-31;2025-08-05;;;;;;ЗАВЕРШЕН;01_2025-1_07-5_5;{"""seasonCode""": """SEASON_2025_1"""};1;
t_01_2025-1_07-5_6_4001;март-июль;2025-03-01;2025-07-31;2025-08-05;;;;;;ЗАВЕРШЕН;01_2025-1_07-5_6;{"""seasonCode""": """SEASON_2025_1"""};1;
t_01_2025-1_07-5_7_4001;март-июль;2025-03-01;2025-07-31;2025-08-05;;;;;;ЗАВЕРШЕН;01_2025-1_07-5_7;{"""seasonCode""": """SEASON_2025_1"""};1;
t_02_2025-1_07-5_5_4001;март-июль;2025-03-01;2025-07-31;2025-08-05;;;;;;ЗАВЕРШЕН;02_2025-1_07-5_5;{"""seasonCode""": """SEASON_m_2025_1"""};1;
t_02_2025-1_07-5_6_4001;март-июль;2025-03-01;2025-07-31;2025-08-05;;;;;;ЗАВЕРШЕН;02_2025-1_07-5_6;{"""seasonCode""": """SEASON_m_2025_1"""};1;
t_02_2025-1_07-5_7_4001;март-июль;2025-03-01;2025-07-31;2025-08-05;;;;;;ЗАВЕРШЕН;02_2025-1_07-5_7;{"""seasonCode""": """SEASON_m_2025_1"""};1;
t_01_2025-1_07-5_8_4001;1 полугодие;2025-03-01;2025-07-31;2025-08-25;;;;;;УДАЛЕН;01_2025-1_07-5_8;{"""seasonCode""": """SEASON_2025_1"""};1;
t_01_2025-1_07-5_9_4001;1 полугодие;2025-03-01;2025-07-31;2025-09-25;;;;;;УДАЛЕН;01_2025-1_07-5_9;{"""seasonCode""": """SEASON_2025_1"""};1;
t_01_2025-1_07-5_10_4001;1 полугодие;2025-03-01;2025-07-31;2025-08-25;;;;;;УДАЛЕН;01_2025-1_07-5_10;{"""seasonCode""": """SEASON_2025_1"""};1;
t_02_2025-1_07-5_8_4001;1 полугодие;2025-03-01;2025-07-31;2025-08-25;;;;;;ПОДВЕДЕНИЕ ИТОГОВ;02_2025-1_07-5_8;{"""seasonCode""": """SEASON_m_2025_1"""};1;
t_02_2025-1_07-5_9_4001;1 полугодие;2025-03-01;2025-07-31;2025-09-25;;;;;;ПОДВЕДЕНИЕ ИТОГОВ;02_2025-1_07-5_9;{"""seasonCode""": """SEASON_m_2025_1"""};1;
t_02_2025-1_07-5_10_4001;1 полугодие;2025-03-01;2025-07-31;2025-08-25;;;;;;ПОДВЕДЕНИЕ ИТОГОВ;02_2025-1_07-5_10;{"""seasonCode""": """SEASON_m_2025_1"""};1;
t_01_2025-1_02-1_2_4001;1 полугодие;2025-01-01;2025-06-30;2025-07-31;;;;;;УДАЛЕН;01_2025-1_02-1_2;{"""seasonCode""": """SEASON_2025_1"""};1;
t_05_2025-0_18-8_1_1001;турнир года;2025-01-01;2025-12-31;2026-04-30;;;;;;АКТИВНЫЙ;05_2025-0_18-8_1;{"""seasonCode""": """SEASON_kmsb1_2025"""};1;
t_05_2025-0_18-8_2_1001;турнир года;2025-01-01;2025-12-31;2026-04-30;;;;;;АКТИВНЫЙ;05_2025-0_18-8_2;{"""seasonCode""": """SEASON_kmsb1_2025"""};1;
t_05_2025-0_18-8_3_1001;турнир года;2025-01-01;2025-12-31;2026-04-30;;;;;;АКТИВНЫЙ;05_2025-0_18-8_3;{"""seasonCode""": """SEASON_kmsb1_2025"""};1;
t_05_2025-0_18-8_4_1001;турнир года;2025-01-01;2025-12-31;2026-04-30;;;;;;АКТИВНЫЙ;05_2025-0_18-8_4;{"""seasonCode""": """SEASON_kmsb1_2025"""};1;
t_01_2025-0_10-3_1_1001;турнир года;2025-01-01;2025-12-31;2026-04-30;;;;;;АКТИВНЫЙ;01_2025-0_10-3_1;;1;
t_01_2025-0_10-3_2_1001;турнир года;2025-01-01;2025-12-31;2026-04-30;;;;;;АКТИВНЫЙ;01_2025-0_10-3_2;;1;
t_01_2025-0_10-3_3_1001;турнир года;2025-01-01;2025-12-31;2026-04-30;;;;;;АКТИВНЫЙ;01_2025-0_10-3_3;;1;
t_01_2025-1_02-3_1t_3021;турнир февраля;2025-02-01;2025-02-28;2026-12-31;;;>;0;"[{"""period_code""": 1, """criterion_mark_type""": """>""", """criterion_mark_value""": 0, """start_dt""": """2025-01-01""" , """end_dt""": """2025-01-31"""}]";УДАЛЕН;01_2025-1_02-3_1t;{"""seasonCode""": """SEASON_2025_1"""};0;
t_01_2025-1_02-3_1t_3031;турнир марта;2025-03-01;2025-03-31;2026-12-31;;;>;0;"[{"""period_code""": 1, """criterion_mark_type""": """>""", """criterion_mark_value""": 0, """start_dt""": """2025-02-01""" , """end_dt""": """2025-02-28"""}]";УДАЛЕН;01_2025-1_02-3_1t;{"""seasonCode""": """SEASON_2025_1"""};0;
t_01_2025-1_02-3_1t_3041;турнир апреля;2025-04-01;2025-04-30;2026-12-31;;;>;0;"[{"""period_code""": 1, """criterion_mark_type""": """>""", """criterion_mark_value""": 0, """start_dt""": """2025-03-01""" , """end_dt""": """2025-03-31"""}]";УДАЛЕН;01_2025-1_02-3_1t;{"""seasonCode""": """SEASON_2025_1"""};0;
t_01_2025-1_02-3_1t_3051;турнир мая;2025-05-01;2025-05-31;2026-12-31;;;>;0;"[{"""period_code""": 1, """criterion_mark_type""": """>""", """criterion_mark_value""": 0, """start_dt""": """2025-04-01""" , """end_dt""": """2025-04-30"""}]";УДАЛЕН;01_2025-1_02-3_1t;{"""seasonCode""": """SEASON_2025_1"""};0;
t_01_2025-1_02-3_1t_3061;турнир июня;2025-06-01;2025-06-30;2026-12-31;;;>;0;"[{"""period_code""": 1, """criterion_mark_type""": """>""", """criterion_mark_value""": 0, """start_dt""": """2025-05-01""" , """end_dt""": """2025-05-31"""}]";УДАЛЕН;01_2025-1_02-3_1t;{"""seasonCode""": """SEASON_2025_1"""};0;
t_01_2025-1_05-1_2t_3031;турнир марта;2025-03-01;2025-03-31;2026-12-31;;;>;0;"[{"""period_code""": 1, """start_dt""": """2025-02-01""" , """end_dt""": """2025-02-28"""}]";УДАЛЕН;01_2025-1_05-1_2t;{"""seasonCode""": """SEASON_2025_1"""};0;
t_01_2025-1_05-1_2t_3041;турнир апреля;2025-04-01;2025-04-30;2026-12-31;;;>;0;"[{"""period_code""": 1, """start_dt""": """2025-03-01""" , """end_dt""": """2025-03-31"""}]";УДАЛЕН;01_2025-1_05-1_2t;{"""seasonCode""": """SEASON_2025_1"""};0;
t_01_2025-1_05-1_2t_3051;турнир мая;2025-05-01;2025-05-31;2026-12-31;;;>;0;"[{"""period_code""": 1, """start_dt""": """2025-04-01""" , """end_dt""": """2025-04-30"""}]";УДАЛЕН;01_2025-1_05-1_2t;{"""seasonCode""": """SEASON_2025_1"""};0;
t_01_2025-1_05-1_2t_3061;турнир июня;2025-06-01;2025-06-30;2026-12-31;;;>;0;"[{"""period_code""": 1, """start_dt""": """2025-05-01""" , """end_dt""": """2025-05-31"""}]";УДАЛЕН;01_2025-1_05-1_2t;{"""seasonCode""": """SEASON_2025_1"""};0;
t_01_2025-1_05-1_2t_3071;турнир июля;2025-07-01;2025-07-31;2026-12-31;;;>;0;"[{"""period_code""": 1, """start_dt""": """2025-06-01""" , """end_dt""": """2025-06-30"""}]";УДАЛЕН;01_2025-1_05-1_2t;{"""seasonCode""": """SEASON_2025_2"""};0;
t_01_2025-1_05-1_2t_3081;турнир августа;2025-08-01;2025-08-31;2026-12-31;;;>;0;"[{"""period_code""": 1, """start_dt""": """2025-07-01""" , """end_dt""": """2025-07-31"""}]";УДАЛЕН;01_2025-1_05-1_2t;{"""seasonCode""": """SEASON_2025_2"""};0;
t_01_2025-1_05-1_2t_3091;турнир сентября;2025-09-01;2025-09-30;2026-12-31;;;>;0;"[{"""period_code""": 1, """start_dt""": """2025-08-01""" , """end_dt""": """2025-08-31"""}]";УДАЛЕН;01_2025-1_05-1_2t;{"""seasonCode""": """SEASON_2025_2"""};0;
t_01_2025-0_18-7_5_4001;произвольный;2025-01-01;2025-12-31;2026-01-21;;;;;;АКТИВНЫЙ;01_2025-0_18-7_5;;1;
t_01_2025-1_17-2_1_4001;произвольный;2024-07-01;2024-12-31;2025-07-20;;;;;;ЗАВЕРШЕН;01_2025-1_17-2_1;;1;
t_01_2025-1_17-2_2_4001;произвольный;2024-07-01;2024-12-31;2025-07-20;;;;;;ЗАВЕРШЕН;01_2025-1_17-2_2;;1;
t_01_2025-1_17-2_3_4001;произвольный;2024-07-01;2024-12-31;2025-07-20;;;;;;ЗАВЕРШЕН;01_2025-1_17-2_3;;1;
t_01_2025-1_17-2_4_4001;произвольный;2024-07-01;2024-12-31;2025-07-20;;;;;;ЗАВЕРШЕН;01_2025-1_17-2_4;;1;
t_01_2025-0_13-1_4_1001;турнир года;2025-06-01;2025-12-31;2026-01-31;;;;;;АКТИВНЫЙ;01_2025-0_13-1_4;;1;
t_01_2025-0_13-1_5_1001;турнир года;2025-06-01;2025-12-31;2026-01-31;;;;;;АКТИВНЫЙ;01_2025-0_13-1_5;;1;
t_01_2025-0_13-1_6_1001;турнир года;2025-06-01;2025-12-31;2026-01-31;;;;;;АКТИВНЫЙ;01_2025-0_13-1_6;;1;
t_01_2025-1_04-1_1_4001;турнир 3 месяца;2025-06-01;2025-08-31;2025-09-20;;;;;;ЗАВЕРШЕН;01_2025-1_04-1_1;{"""seasonCode""": """SEASON_2025_2"""};1;
t_01_2025-1_04-1_1_4002;турнир 3 месяца;2025-09-01;2025-11-30;2025-12-20;;;;;;АКТИВНЫЙ;01_2025-1_04-1_1;{"""seasonCode""": """SEASON_2025_2"""};1;
t_01_2025-2_07-2_1_2031;турнир 2 полугодия;2025-07-01;2025-12-31;2026-02-20;;;;;;АКТИВНЫЙ;01_2025-2_07-2_1;{"""seasonCode""": """SEASON_2025_2"""};1;
t_01_2025-2_10-1_6_2031;турнир 3 квартала;2025-07-01;2025-09-30;2025-10-30;;;;;;ПОДВЕДЕНИЕ ИТОГОВ;01_2025-2_10-1_6;{"""seasonCode""": """SEASON_2025_2"""};1;
t_01_2025-2_10-1_6_2041;турнир 4 квартала;2025-10-01;2025-12-31;2026-02-02;;;;;;АКТИВНЫЙ;01_2025-2_10-1_6;{"""seasonCode""": """SEASON_2025_2"""};1;
t_01_2025-0_10-5_1_4001;турнир 2 полугодия;2025-07-01;2025-12-31;2025-01-30;;;;;;АКТИВНЫЙ;01_2025-0_10-5_1;;1;
t_01_2025-0_10-5_2_4001;турнир 2 полугодия;2025-07-01;2025-12-31;2025-01-30;;;;;;АКТИВНЫЙ;01_2025-0_10-5_2;;1;
t_01_2025-0_10-5_3_4001;турнир 2 полугодия;2025-07-01;2025-12-31;2025-01-30;;;;;;АКТИВНЫЙ;01_2025-0_10-5_3;;1;
t_01_2025-0_10-5_4_4001;турнир 2 полугодия;2025-07-01;2025-12-31;2025-01-30;;;;;;АКТИВНЫЙ;01_2025-0_10-5_4;;1;
t_01_2025-0_10-5_5_4001;турнир 2 полугодия;2025-07-01;2025-12-31;2025-01-30;;;;;;АКТИВНЫЙ;01_2025-0_10-5_5;;1;
t_01_2025-0_10-5_6_4001;турнир 2 полугодия;2025-07-01;2025-12-31;2025-01-30;;;;;;АКТИВНЫЙ;01_2025-0_10-5_6;;1;
t_01_2025-0_10-5_7_4001;турнир 2 полугодия;2025-07-01;2025-12-31;2025-01-30;;;;;;АКТИВНЫЙ;01_2025-0_10-5_7;;1;
t_01_2025-0_10-5_8_4001;турнир 2 полугодия;2025-07-01;2025-12-31;2025-01-30;;;;;;АКТИВНЫЙ;01_2025-0_10-5_8;;1;
t_01_2025-0_10-5_9_4001;турнир 2 полугодия;2025-07-01;2025-12-31;2025-01-30;;;;;;АКТИВНЫЙ;01_2025-0_10-5_9;;1;
t_01_2025-0_03-2-1_2041;турнир 4 квартала;2025-10-01;2025-12-31;2026-12-31;;;;;;АКТИВНЫЙ;01_2025-0_03-2-1;{"""seasonCode""": """"""};0;
t_01_2025-0_03-2-2_1001;турнир года;2025-01-01;2025-12-31;2026-12-31;;;;;;АКТИВНЫЙ;01_2025-0_03-2-2;{"""seasonCode""": """"""};0;
t_01_2025-0_03-2-3_1001;турнир года;2025-01-01;2025-12-31;2026-12-31;;;;;;АКТИВНЫЙ;01_2025-0_03-2-3;{"""seasonCode""": """"""};0;
t_01_2025-0_03-2-4_1001;турнир года;2025-01-01;2025-12-31;2026-12-31;;;;;;АКТИВНЫЙ;01_2025-0_03-2-4;{"""seasonCode""": """"""};0;
t_01_2025-0_03-2-5_1001;турнир года;2025-01-01;2025-12-31;2026-12-31;;;;;;АКТИВНЫЙ;01_2025-0_03-2-5;{"""seasonCode""": """"""};0;
t_01_2025-0_03-2-6_1001;турнир года;2025-01-01;2025-12-31;2026-12-31;;;;;;АКТИВНЫЙ;01_2025-0_03-2-6;{"""seasonCode""": """"""};0;
t_01_2025-2_08-1_2_3081;турнир августа;2025-08-01;2025-08-31;2026-12-31;;;>=;50000;"[{"""period_code""": 1, """start_dt""": """2025-07-01""" , """end_dt""": """2025-07-31"""}]";ПОДВЕДЕНИЕ ИТОГОВ;01_2025-2_08-1_2;{"""seasonCode""": """SEASON_2025_2"""};0;
t_01_2025-2_08-1_2_3091;турнир сентября;2025-09-01;2025-09-30;2026-12-31;;;>=;50000;"[{"""period_code""": 1, """start_dt""": """2025-08-01""" , """end_dt""": """2025-08-31"""}]";ПОДВЕДЕНИЕ ИТОГОВ;01_2025-2_08-1_2;{"""seasonCode""": """SEASON_2025_2"""};0;
t_01_2025-2_08-1_2_3101;турнир октября;2025-10-01;2025-10-31;2026-12-31;;;>=;50000;"[{"""period_code""": 1, """start_dt""": """2025-09-01""" , """end_dt""": """2025-09-30"""}]";АКТИВНЫЙ;01_2025-2_08-1_2;{"""seasonCode""": """SEASON_2025_2"""};0;
t_01_2025-2_08-1_2_3111;турнир ноября;2025-11-01;2025-11-30;2026-12-31;;;>=;50000;"[{"""period_code""": 1, """start_dt""": """2025-10-01""" , """end_dt""": """2025-10-31"""}]";АКТИВНЫЙ;01_2025-2_08-1_2;{"""seasonCode""": """SEASON_2025_2"""};0;
t_02_2025-2_07-10_1_2041;турнир 4 квартала;2025-10-01;2025-12-31;2026-02-05;;;;;;АКТИВНЫЙ;02_2025-2_07-10_1;{"""seasonCode""": """SEASON_m_2025_2"""};1;
t_02_2025-2_07-3_1_2041;турнир 4 квартала;2025-10-01;2025-12-31;2026-02-05;;;;;;АКТИВНЫЙ;02_2025-2_07-3_1;{"""seasonCode""": """SEASON_m_2025_2"""};1;
t_01_2025-2_07-2_2_4001;турнир 2 месяца;2025-11-01;2025-12-31;2026-02-05;;;;;;АКТИВНЫЙ;01_2025-2_07-2_2;{"""seasonCode""": """SEASON_2025_2"""};1;
t_02_2025-2_07-2_2_4001;турнир 2 месяца;2025-11-01;2025-12-31;2026-02-05;;;;;;АКТИВНЫЙ;02_2025-2_07-2_2;{"""seasonCode""": """SEASON_m_2025_2"""};1;
t_01_2025-2_21-1_1_4001;произвольный;2025-11-01;2025-12-31;;;;;;;АКТИВНЫЙ;01_2025-2_21-1_1;{"""seasonCode""": """SEASON_2025_2"""};1;
t_01_2025-2_14-2_1_2041;турнир 4 квартала;2025-10-01;2025-12-31;2026-02-05;;;;;;АКТИВНЫЙ;01_2025-2_14-2_1;{"""seasonCode""": """SEASON_2025_2"""};1;
t_01_2025-2_14-2_2_2041;турнир 4 квартала;2025-10-01;2025-12-31;2026-02-05;;;;;;АКТИВНЫЙ;01_2025-2_14-2_2;{"""seasonCode""": """SEASON_2025_2"""};1;
t_01_2025-2_14-2_3_2041;турнир 4 квартала;2025-10-01;2025-12-31;2026-02-05;;;;;;АКТИВНЫЙ;01_2025-2_14-2_3;{"""seasonCode""": """SEASON_2025_2"""};1;
t_01_2025-2_02-1_2_1001;турнир года;2025-01-01;2025-12-31;2026-12-31;;;;;"[{"""period_code""": 1, """start_dt""":"""2024-01-01""", """end_dt""":"""2024-12-31"""}]";АКТИВНЫЙ;01_2025-2_02-1_2;{"""seasonCode""": """SEASON_2025_2"""};0;
t_01_2025-2_02-2_3_1001;турнир года;2025-01-01;2025-12-31;2026-12-31;;;;;"[{"""period_code""": 1, """start_dt""":"""2024-01-01""", """end_dt""":"""2024-12-31"""}]";АКТИВНЫЙ;01_2025-2_02-2_3;{"""seasonCode""": """SEASON_2025_2"""};0;
t_01_2025-2_02-1_3_1001;турнир года;2025-01-01;2025-12-31;2026-12-31;;;>;0;"[{"""period_code""": 1, """start_dt""":"""2024-01-01""", """end_dt""":"""2024-12-31"""}]";АКТИВНЫЙ;01_2025-2_02-1_3;{"""seasonCode""": """SEASON_2025_2"""};0;
t_01_2025-2_02-1_4_1001;турнир года;2025-01-01;2025-12-31;2026-12-31;;;>;0;"[{"""period_code""": 1, """start_dt""":"""2024-01-01""", """end_dt""":"""2024-12-31"""}]";АКТИВНЫЙ;01_2025-2_02-1_4;{"""seasonCode""": """SEASON_2025_2"""};0;
t_01_2025-2_02-2_5_1001;турнир года;2025-01-01;2025-12-31;2026-12-31;;;;;;АКТИВНЫЙ;01_2025-2_02-2_5;{"""seasonCode""": """SEASON_2025_2"""};0;