Код конкурса;Код турнира;Тип периодичности турнира;Бизнес-статус турнира;Дата обновления турнира;Дата создания турнира;Дата подведения итога по турниру;Дата начала действия турнира;Дата окончания действия турнира;Дата выполнения расчета результатов по турниру;Версия записи данных по турниру;Дополнительные сведения о турнире
CONTEST_s_07;TOURNAMENT_s_07_2024_Y01;турнир года;Удален;2026-01-29;2024-10-21;null;2024-10-01;2024-12-31;2024-10-29;3813;{"seasonCode": "SEASON_s_2024"}
CONTEST_s_06;TOURNAMENT_s_06_2024_Y01;турнир года;Отменен;2026-01-29;2024-10-21;null;2024-10-01;2024-11-01;2024-10-31;3821;{"seasonCode": "SEASON_s_2024"}
CONTEST_s_05;TOURNAMENT_s_05_2024_Y01;турнир года;Отменен;2026-01-29;2024-10-21;null;2024-10-01;2024-11-01;2024-10-31;3821;{"seasonCode": "SEASON_s_2024"}
CONTEST_s_04;TOURNAMENT_s_04_2024_Q04;турнир квартала;Отменен;2026-01-29;2024-10-21;2025-02-12;2024-10-01;2024-12-31;2024-10-31;3797;{"seasonCode": "SEASON_s_2024"}
CONTEST_s_03;TOURNAMENT_s_03_2024_Q04;турнир квартала;Отменен;2026-01-29;2024-10-21;2025-02-12;2024-10-01;2024-12-31;2024-10-31;3797;{"seasonCode": "SEASON_s_2024"}
CONTEST_s_01_03;TOURNAMENT_s_01_03;турнир квартала;Отменен;2026-01-29;2024-07-11;null;2024-04-01;4000-01-01;2026-01-20;6605;{"seasonCode": "SEASON_s_2024"}
CONTEST_s_01_02;TOURNAMENT_s_01_02;турнир квартала;Отменен;2026-01-29;2024-07-11;null;2024-04-01;4000-01-01;2026-01-20;6605;{"seasonCode": "SEASON_s_2024"}
CONTEST_s_01_01;TOURNAMENT_s_01_01;турнир квартала;Отменен;2026-01-29;2024-07-11;null;2024-04-01;4000-01-01;2026-01-20;6605;{"seasonCode": "SEASON_s_2024"}
CONTEST_m_08;TOURNAMENT_m_08_2024_Y01;турнир года;Отменен;2026-01-29;2024-10-28;null;2024-10-01;2024-11-01;2024-10-31;3730;{"seasonCode": "SEASON_m_2024"}
CONTEST_m_07;TOURNAMENT_m_07_2024_Q04;турнир квартала;Завершен;2025-03-05;2024-11-14;2025-03-04;2024-10-01;2024-12-31;2025-03-05;897;{"seasonCode": "SEASON_m_2024"}
CONTEST_m_06;TOURNAMENT_m_06_2024_Q04;турнир квартала;Завершен;2025-03-05;2024-11-14;2025-03-04;2024-10-01;2024-12-31;2025-03-05;897;{"seasonCode": "SEASON_m_2024"}
CONTEST_m_05;TOURNAMENT_m_05_2024_Q04;турнир квартала;Завершен;2025-03-05;2024-11-14;2025-03-04;2024-10-01;2024-12-31;2025-03-05;897;{"seasonCode": "SEASON_m_2024"}
CONTEST_m_04;TOURNAMENT_m_04_2024_Q04;турнир квартала;Завершен;2025-03-05;2024-11-14;2025-03-04;2024-10-01;2024-12-31;2025-03-05;897;{"seasonCode": "SEASON_m_2024"}
CONTEST_m_03;TOURNAMENT_m_03_2024_Q04;турнир квартала;Завершен;2025-03-05;2024-11-14;2025-03-04;2024-10-01;2024-12-31;2025-03-05;897;{"seasonCode": "SEASON_m_2024"}
CONTEST_m_02;TOURNAMENT_m_02_02;турнир квартала;Удален;2026-01-29;2024-05-14;2024-07-20;2024-04-01;2024-06-30;null;4909;{"seasonCode": "SEASON_m_2024"}
CONTEST_m_01;TOURNAMENT_m_01_03;турнир квартала;Удален;2026-01-29;2024-07-18;2024-10-20;2024-07-01;2024-09-30;null;4425;{"seasonCode": "SEASON_m_2024"}
CONTEST_m_01;TOURNAMENT_m_01_02;турнир квартала;Завершен;2025-03-05;2024-05-14;2025-03-04;2024-04-01;2024-06-30;2025-03-05;853;{"seasonCode": "SEASON_m_2024"}
CONTEST_96;TOURNAMENT_96_01;произвольный;Активный;2026-01-29;2024-12-23;2027-12-31;2026-01-01;2026-12-31;null;3364;{"seasonCode": "NON"}
CONTEST_95;TOURNAMENT_95_01;произвольный;Активный;2026-01-29;2024-12-23;2027-12-31;2026-01-01;2026-12-31;null;3364;{"seasonCode": "NON"}
CONTEST_94;TOURNAMENT_94_01;произвольный;Активный;2026-01-29;2024-12-23;2027-12-31;2026-01-01;2026-12-31;null;3364;{"seasonCode": "NON"}
CONTEST_93;TOURNAMENT_93_01;произвольный;Активный;2026-01-29;2024-12-23;2027-12-31;2026-01-01;2026-12-31;null;3364;{"seasonCode": "NON"}
CONTEST_92;TOURNAMENT_92_01;произвольный;Активный;2026-01-29;2024-12-23;2027-12-31;2026-01-01;2026-12-31;null;3364;{"seasonCode": "NON"}
CONTEST_91;TOURNAMENT_91_01;произвольный;Активный;2026-01-29;2024-12-23;2027-12-31;2026-01-01;2026-03-31;null;3364;{"seasonCode": "NON"}
CONTEST_69;TOURNAMENT_69_2024_M12;турнир декабря;Завершен;2024-12-25;2024-12-23;2024-12-24;2024-12-01;2024-12-24;2024-12-25;20;{"seasonCode": "NON"}
CONTEST_68;TOURNAMENT_68_2024_M12;турнир декабря;Завершен;2024-12-26;2024-12-23;2024-12-24;2024-12-01;2024-12-24;2024-12-26;28;{"seasonCode": "NON"}
CONTEST_67;TOURNAMENT_67_2024_Y01;произвольный;Завершен;2025-07-23;2024-12-05;2025-07-20;2024-01-01;2024-12-31;2025-07-23;919;{"seasonCode": ""}
CONTEST_66;TOURNAMENT_66_2024_P02;произвольный;Завершен;2025-07-23;2024-12-05;2025-07-20;2024-07-01;2024-12-31;2025-07-23;913;{"seasonCode": ""}
CONTEST_65;TOURNAMENT_65_2024_P01;произвольный;Завершен;2024-12-13;2024-12-05;2024-12-13;2024-01-01;2024-06-30;2024-12-13;67;{"seasonCode": "SEASON_2024"}
CONTEST_64;TOURNAMENT_64_2024_Y01;турнир года;Отменен;2026-01-29;2024-10-22;null;2024-10-01;2024-12-31;2024-10-31;3811;{"seasonCode": "SEASON_2024"}
CONTEST_63;TOURNAMENT_63_2024_Y01;турнир года;Отменен;2026-01-29;2024-10-22;null;2024-10-01;2024-12-31;2024-10-31;3811;{"seasonCode": "SEASON_2024"}
CONTEST_62;TOURNAMENT_62_2024_Y01;турнир года;Отменен;2026-01-29;2024-10-22;null;2024-10-01;2024-12-31;2024-10-31;3811;{"seasonCode": "SEASON_2024"}
CONTEST_57;TOURNAMENT_57_01;турнир года;Активный;2026-01-29;2025-12-23;null;2025-01-01;4000-01-01;2026-01-29;446;{"seasonCode": "SEASON_2025_2"}
CONTEST_56;TOURNAMENT_56_01;турнир года;Активный;2026-01-29;2025-12-08;null;2025-01-01;4000-01-01;2026-01-29;629;{"seasonCode": "SEASON_2025_2"}
CONTEST_55;TOURNAMENT_55_01;турнир года;Отменен;2026-01-29;2024-08-13;null;2024-08-01;4000-01-01;2024-10-31;4531;{"seasonCode": "SEASON_2024"}
CONTEST_52;TOURNAMENT_52_01;турнир года;Отменен;2026-01-29;2024-05-31;null;2024-04-01;2024-12-31;2024-10-31;5240;{"seasonCode": "SEASON_2024"}
CONTEST_51;TOURNAMENT_51_01;турнир года;Отменен;2026-01-29;2024-05-14;null;2024-04-01;2024-12-31;2024-10-31;5488;{"seasonCode": "SEASON_2024"}
CONTEST_50;TOURNAMENT_50_01;турнир года;Отменен;2026-01-29;2024-05-14;null;2024-04-01;2024-12-31;2024-10-31;5488;{"seasonCode": "SEASON_2024"}
CONTEST_47;TOURNAMENT_47_2024_Q04;турнир квартала;Завершен;2025-02-13;2024-10-11;2025-01-16;2024-10-01;2024-12-31;2025-02-13;1372;{"seasonCode": ""}
CONTEST_46;TOURNAMENT_46_2024_09;турнир квартала;Завершен;2025-02-11;2024-08-23;2025-01-15;2024-10-01;2024-12-31;2025-02-11;1279;{"seasonCode": "SEASON_2024"}
CONTEST_45;TOURNAMENT_45_2024_Q04;турнир квартала;Завершен;2025-02-11;2024-10-11;2025-01-15;2024-10-01;2024-12-31;2025-02-11;945;{"seasonCode": "SEASON_2024"}
CONTEST_45;TOURNAMENT_45_2024_08;турнир 2 месяца;Завершен;2024-10-15;2024-07-24;2024-10-15;2024-08-01;2024-09-30;2024-10-15;561;{"seasonCode": "SEASON_2024"}
CONTEST_44;TOURNAMENT_44_2024_Q04;турнир квартала;Завершен;2025-02-11;2024-10-11;2025-01-15;2024-10-01;2024-12-31;2025-02-11;945;{"seasonCode": "SEASON_2024"}
CONTEST_44;TOURNAMENT_44_2024_08;турнир 2 месяца;Завершен;2024-10-23;2024-07-24;2024-10-18;2024-08-01;2024-09-30;2024-10-23;570;{"seasonCode": "SEASON_2024"}
CONTEST_43;TOURNAMENT_43_2025_Y01;турнир года;Подведение итогов;2026-01-29;2025-05-22;2026-01-20;2025-01-01;2025-12-31;2026-01-29;3088;null
CONTEST_43;TOURNAMENT_43_2024_Y01;турнир года;Завершен;2025-07-11;2024-09-19;2025-07-01;2024-01-01;2024-12-31;2025-07-11;3374;{"seasonCode": ""}
CONTEST_42;TOURNAMENT_42_01;турнир квартала;Завершен;2024-08-13;2024-04-24;2024-07-29;2024-04-25;2024-07-29;2024-08-13;1154;{"seasonCode": "SEASON_2024"}
CONTEST_41;TOURNAMENT_41_01;турнир 4 месяца;Завершен;2025-02-11;2024-08-15;2025-01-19;2024-09-01;2024-12-31;2025-02-11;1357;{"seasonCode": "SEASON_2024"}
CONTEST_41;TOURNAMENT_41_02;турнир 3 месяца;Удален;2026-01-29;2024-04-03;2024-12-29;2024-04-01;2024-06-30;null;4373;{"seasonCode": "SEASON_2024"}
CONTEST_41;TOURNAMENT_40_02;турнир квартала;Удален;2026-01-29;2024-04-03;2025-01-31;2024-04-01;2024-06-30;null;4024;{"seasonCode": "SEASON_2024"}
CONTEST_39_03;TOURNAMENT_39_03;произвольный;Удален;2026-01-29;2024-04-24;2025-02-12;2024-04-27;2024-12-31;2025-11-06;6941;null
CONTEST_39_02;TOURNAMENT_39_02;произвольный;Удален;2026-01-29;2024-04-24;2025-02-12;2024-04-27;2024-12-31;2025-11-06;6941;null
CONTEST_39_01;TOURNAMENT_39_01_00;произвольный;Удален;2026-01-29;2024-04-17;2025-02-12;2024-04-27;2024-12-31;2024-11-21;4088;{"seasonCode": "SEASON_2024"}
CONTEST_39_01;TOURNAMENT_39_01;произвольный;Удален;2026-01-29;2024-04-24;2025-02-12;2024-04-27;2024-12-31;2025-11-06;6941;null
CONTEST_38;TOURNAMENT_38_2024_M11;турнир ноября;Удален;2026-01-29;2024-10-28;2024-12-20;2024-11-01;2024-11-30;null;3715;{"seasonCode": "SEASON_2024"}
CONTEST_38;TOURNAMENT_38_2024_M10;турнир октября;Завершен;2024-11-25;2024-10-11;2024-11-13;2024-10-01;2024-10-31;2024-11-25;201;{"seasonCode": "SEASON_2024"}
CONTEST_38;TOURNAMENT_38_03;турнир сентября;Завершен;2024-10-22;2024-09-02;2024-10-19;2024-09-01;2024-09-30;2024-10-22;300;{"seasonCode": "SEASON_2024"}
CONTEST_38;TOURNAMENT_38_02;турнир августа;Завершен;2024-09-23;2024-05-14;2024-09-20;2024-08-01;2024-08-31;2024-09-23;994;{"seasonCode": "SEASON_2024"}
CONTEST_38;TOURNAMENT_38_01;турнир июля;Завершен;2024-09-04;2024-05-14;2024-08-31;2024-07-01;2024-07-31;2024-09-04;854;{"seasonCode": "SEASON_2024"}
CONTEST_38;TOURNAMENT_38_00;турнир июня;Завершен;2024-08-02;2024-04-02;2024-07-27;2024-06-01;2024-06-30;2024-08-02;910;{"seasonCode": "SEASON_2024"}
CONTEST_37;TOURNAMENT_37_2024_Q04;турнир квартала;Завершен;2025-02-11;2024-10-11;2025-01-15;2024-09-01;2024-12-31;2025-02-11;945;{"seasonCode": "SEASON_2024"}
CONTEST_37;TOURNAMENT_37_03;турнир квартала;Завершен;2024-10-15;2024-07-18;2024-10-15;2024-07-01;2024-09-30;2024-10-15;615;{"seasonCode": "SEASON_2024"}
CONTEST_37;TOURNAMENT_37_02;турнир квартала;Завершен;2024-07-22;2024-03-29;2024-07-17;2024-04-01;2024-06-30;2024-07-22;932;{"seasonCode": "SEASON_2024"}
CONTEST_37;TOURNAMENT_37_00;турнир апреля;Удален;2024-04-02;2024-03-27;2024-05-20;2024-03-28;2024-04-30;null;49;null
CONTEST_36;TOURNAMENT_36_2024_Q04;турнир квартала;Завершен;2025-02-11;2024-10-11;2025-01-15;2024-10-01;2024-12-31;2025-02-11;945;{"seasonCode": "SEASON_2024"}
CONTEST_36;TOURNAMENT_36_03;турнир квартала;Завершен;2024-10-15;2024-07-11;2024-10-15;2024-07-01;2024-09-30;2024-10-15;671;{"seasonCode": "SEASON_2024"}
CONTEST_36;TOURNAMENT_36_02;турнир квартала;Завершен;2024-07-22;2024-03-29;2024-07-17;2024-04-01;2024-06-30;2024-07-22;932;{"seasonCode": "SEASON_2024"}
CONTEST_36;TOURNAMENT_36_00;турнир апреля;Удален;2024-04-02;2024-03-27;2024-05-20;2024-03-28;2024-04-30;null;49;null
CONTEST_35;TOURNAMENT_35_2024_M11;турнир ноября;Удален;2026-01-29;2024-10-28;2024-12-20;2024-11-01;2024-11-30;null;3715;{"seasonCode": "SEASON_2024"}
CONTEST_35;TOURNAMENT_35_2024_M10;турнир октября;Завершен;2024-11-27;2024-10-11;2024-11-18;2024-10-01;2024-10-31;2024-11-27;219;{"seasonCode": "SEASON_2024"}
CONTEST_35;TOURNAMENT_35_09;турнир сентября;Завершен;2024-10-22;2024-09-02;2024-10-14;2024-09-01;2024-09-30;2024-10-22;300;{"seasonCode": "SEASON_2024"}
CONTEST_35;TOURNAMENT_35_08;турнир августа;Завершен;2024-10-15;2024-08-02;2024-10-15;2024-08-01;2024-08-31;2024-10-15;521;{"seasonCode": "SEASON_2024"}
CONTEST_35;TOURNAMENT_35_07;турнир июля;Завершен;2024-09-03;2024-07-11;2024-08-26;2024-07-01;2024-07-31;2024-09-03;422;{"seasonCode": "SEASON_2024"}
CONTEST_35;TOURNAMENT_35_06;турнир июня;Завершен;2024-07-26;2024-05-31;2024-07-20;2024-06-01;2024-06-30;2024-07-26;387;{"seasonCode": "SEASON_2024"}
CONTEST_35;TOURNAMENT_35_05;турнир мая;Завершен;2024-07-15;2024-04-26;2024-07-06;2024-05-01;2024-05-31;2024-07-15;610;{"seasonCode": "SEASON_2024"}
CONTEST_35;TOURNAMENT_35_04;турнир апреля;Завершен;2024-06-28;2024-03-29;2024-06-20;2024-04-01;2024-04-30;2024-06-28;809;{"seasonCode": "SEASON_2024"}
CONTEST_35;TOURNAMENT_35_03;турнир марта;Завершен;2024-04-26;2024-03-11;2024-04-20;2024-03-01;2024-03-31;2024-04-26;428;{"seasonCode": "SEASON_2024"}
CONTEST_34;TOURNAMENT_34_2024_M11;турнир ноября;Удален;2026-01-29;2024-10-28;2024-12-20;2024-11-01;2024-11-30;null;3715;{"seasonCode": "SEASON_2024"}
CONTEST_34;TOURNAMENT_34_2024_M10;турнир октября;Завершен;2024-11-27;2024-10-11;2024-11-18;2024-10-01;2024-10-31;2024-11-27;219;{"seasonCode": "SEASON_2024"}
CONTEST_34;TOURNAMENT_34_09;турнир сентября;Завершен;2024-10-23;2024-09-02;2024-10-14;2024-09-01;2024-09-30;2024-10-23;312;{"seasonCode": "SEASON_2024"}
CONTEST_34;TOURNAMENT_34_08;турнир августа;Завершен;2024-10-22;2024-08-02;2024-10-14;2024-08-01;2024-08-31;2024-10-15;530;{"seasonCode": "SEASON_2024"}
CONTEST_34;TOURNAMENT_34_07;турнир июля;Завершен;2024-09-04;2024-07-11;2024-08-30;2024-07-01;2024-07-31;2024-09-04;432;{"seasonCode": "SEASON_2024"}
CONTEST_34;TOURNAMENT_34_06;турнир июня;Завершен;2024-08-09;2024-05-31;2024-07-31;2024-06-01;2024-06-30;2024-08-09;435;{"seasonCode": "SEASON_2024"}
CONTEST_34;TOURNAMENT_34_05;турнир мая;Завершен;2024-07-12;2024-04-26;2024-07-05;2024-05-01;2024-05-31;2024-07-12;588;{"seasonCode": "SEASON_2024"}
CONTEST_34;TOURNAMENT_34_04;турнир апреля;Завершен;2024-07-15;2024-03-29;2024-07-06;2024-04-01;2024-04-30;2024-07-11;663;{"seasonCode": "SEASON_2024"}
CONTEST_34;TOURNAMENT_34_03;турнир марта;Завершен;2024-07-12;2024-03-11;2024-07-06;2024-03-01;2024-03-31;2024-07-11;442;{"seasonCode": "SEASON_2024"}
CONTEST_33;TOURNAMENT_33_2024_M11;турнир ноября;Удален;2026-01-29;2024-10-28;2024-12-20;2024-11-01;2024-11-30;null;3715;{"seasonCode": "SEASON_2024"}
CONTEST_33;TOURNAMENT_33_2024_M10;турнир октября;Завершен;2024-11-27;2024-10-11;2024-11-18;2024-10-01;2024-10-31;2024-11-27;219;{"seasonCode": "SEASON_2024"}
CONTEST_33;TOURNAMENT_33_09;турнир сентября;Завершен;2024-10-22;2024-09-02;2024-10-14;2024-09-01;2024-09-30;2024-10-22;300;{"seasonCode": "SEASON_2024"}
CONTEST_33;TOURNAMENT_33_08;турнир августа;Завершен;2024-10-15;2024-08-02;2024-10-15;2024-08-01;2024-08-31;2024-10-15;521;{"seasonCode": "SEASON_2024"}
CONTEST_33;TOURNAMENT_33_07;турнир июля;Завершен;2024-09-03;2024-07-11;2024-08-26;2024-07-01;2024-07-31;2024-09-03;422;{"seasonCode": "SEASON_2024"}
CONTEST_33;TOURNAMENT_33_06;турнир июня;Завершен;2024-08-08;2024-05-31;2024-07-30;2024-06-01;2024-06-30;2024-08-08;423;{"seasonCode": "SEASON_2024"}
CONTEST_33;TOURNAMENT_33_05;турнир мая;Завершен;2024-07-11;2024-04-26;2024-06-30;2024-05-01;2024-05-31;2024-07-11;576;{"seasonCode": "SEASON_2024"}
CONTEST_33;TOURNAMENT_33_04;турнир апреля;Завершен;2024-06-28;2024-03-29;2024-06-20;2024-04-01;2024-04-30;2024-06-28;809;{"seasonCode": "SEASON_2024"}
CONTEST_33;TOURNAMENT_33_03;турнир марта;Завершен;2024-07-15;2024-03-07;2024-07-06;2024-03-01;2024-03-31;2024-07-11;504;{"seasonCode": "SEASON_2024"}
CONTEST_32;TOURNAMENT_32_2024_M11;турнир ноября;Удален;2026-01-29;2024-10-28;2024-12-20;2024-11-01;2024-11-30;null;3715;{"seasonCode": "SEASON_2024"}
CONTEST_32;TOURNAMENT_32_2024_M10;турнир октября;Завершен;2024-11-25;2024-10-11;2024-11-08;2024-10-01;2024-10-31;2024-11-25;197;{"seasonCode": "SEASON_2024"}
CONTEST_32;TOURNAMENT_32_09;турнир сентября;Завершен;2024-10-15;2024-09-02;2024-10-15;2024-09-01;2024-09-30;2024-10-15;259;{"seasonCode": "SEASON_2024"}
CONTEST_32;TOURNAMENT_32_08;турнир августа;Завершен;2024-10-15;2024-08-02;2024-10-15;2024-08-01;2024-08-31;2024-10-15;522;{"seasonCode": "SEASON_2024"}
CONTEST_32;TOURNAMENT_32_07;турнир июля;Завершен;2024-08-19;2024-07-11;2024-08-15;2024-07-01;2024-07-31;2024-08-19;274;{"seasonCode": "SEASON_2024"}
CONTEST_32;TOURNAMENT_32_06;турнир июня;Завершен;2024-07-16;2024-05-31;2024-07-10;2024-06-01;2024-06-30;2024-07-16;301;{"seasonCode": "SEASON_2024"}
CONTEST_32;TOURNAMENT_32_05;турнир мая;Завершен;2024-06-22;2024-04-26;2024-06-20;2024-05-01;2024-05-31;2024-06-22;487;{"seasonCode": "SEASON_2024"}
CONTEST_32;TOURNAMENT_32_04;турнир апреля;Завершен;2024-05-31;2024-03-29;2024-05-20;2024-04-01;2024-04-30;2024-05-31;585;{"seasonCode": "SEASON_2024"}
CONTEST_32;TOURNAMENT_32_03;турнир марта;Завершен;2024-04-08;2024-03-06;2024-03-31;2024-03-01;2024-03-31;2024-04-08;310;{"seasonCode": "SEASON_2024"}
CONTEST_31;TOURNAMENT_31_01;произвольный;Завершен;2024-09-05;2024-03-29;2024-08-26;2024-04-01;2024-08-26;2024-09-05;1901;{"seasonCode": "SEASON_2024"}
CONTEST_30;TOURNAMENT_30_2024_M11;турнир ноября;Удален;2026-01-29;2024-10-28;2024-12-20;2024-11-01;2024-11-30;null;3715;{"seasonCode": "SEASON_2024"}
CONTEST_30;TOURNAMENT_30_2024_M10;турнир октября;Завершен;2024-11-27;2024-10-11;2024-11-20;2024-10-01;2024-10-31;2024-11-27;219;{"seasonCode": "SEASON_2024"}
CONTEST_30;TOURNAMENT_30_09;турнир сентября;Завершен;2024-10-23;2024-09-02;2024-10-14;2024-09-01;2024-09-30;2024-10-23;312;{"seasonCode": "SEASON_2024"}
CONTEST_30;TOURNAMENT_30_08;турнир августа;Завершен;2024-10-22;2024-08-02;2024-10-14;2024-08-01;2024-08-31;2024-10-15;530;{"seasonCode": "SEASON_2024"}
CONTEST_30;TOURNAMENT_30_07;турнир июля;Завершен;2024-09-02;2024-07-11;2024-08-26;2024-07-01;2024-07-31;2024-09-02;412;{"seasonCode": "SEASON_2024"}
CONTEST_30;TOURNAMENT_30_06;турнир июня;Завершен;2024-08-05;2024-05-31;2024-07-29;2024-06-01;2024-06-30;2024-08-05;413;{"seasonCode": "SEASON_2024"}
CONTEST_30;TOURNAMENT_30_05;турнир мая;Завершен;2024-07-15;2024-04-26;2024-07-06;2024-05-01;2024-05-31;2024-07-15;584;{"seasonCode": "SEASON_2024"}
CONTEST_30;TOURNAMENT_30_04;турнир апреля;Завершен;2024-07-12;2024-03-29;2024-07-06;2024-04-01;2024-04-30;2024-07-12;652;{"seasonCode": "SEASON_2024"}
CONTEST_30;TOURNAMENT_30_03;турнир марта;Завершен;2024-07-12;2024-03-07;2024-07-06;2024-03-01;2024-03-31;2024-07-12;475;{"seasonCode": "SEASON_2024"}
CONTEST_29;TOURNAMENT_29_2024_M11;турнир ноября;Удален;2026-01-29;2024-10-28;2024-12-20;2024-11-01;2024-11-30;null;3715;{"seasonCode": "SEASON_2024"}
CONTEST_29;TOURNAMENT_29_2024_M10;турнир октября;Завершен;2024-11-27;2024-10-11;2024-11-27;2024-10-01;2024-10-31;2024-11-27;206;{"seasonCode": "SEASON_2024"}
CONTEST_29;TOURNAMENT_29_09;турнир сентября;Завершен;2024-10-23;2024-09-02;2024-10-16;2024-09-01;2024-09-30;2024-10-23;312;{"seasonCode": "SEASON_2024"}
CONTEST_29;TOURNAMENT_29_08;турнир августа;Завершен;2024-10-23;2024-08-02;2024-10-16;2024-08-01;2024-08-31;2024-10-23;540;{"seasonCode": "SEASON_2024"}
CONTEST_29;TOURNAMENT_29_07;турнир июля;Завершен;2024-09-02;2024-07-11;2024-08-27;2024-07-01;2024-07-31;2024-09-02;410;{"seasonCode": "SEASON_2024"}
CONTEST_29;TOURNAMENT_29_06;турнир июня;Завершен;2024-07-16;2024-06-28;2024-07-13;2024-06-01;2024-06-30;2024-07-16;75;{"seasonCode": "SEASON_2024"}
CONTEST_29;TOURNAMENT_29_05;турнир мая;Завершен;2024-07-11;2024-04-26;2024-06-30;2024-05-01;2024-05-31;2024-07-11;578;{"seasonCode": "SEASON_2024"}
CONTEST_29;TOURNAMENT_29_04;турнир апреля;Завершен;2024-06-28;2024-03-29;2024-06-20;2024-04-01;2024-04-30;2024-06-28;809;{"seasonCode": "SEASON_2024"}
CONTEST_29;TOURNAMENT_29_03;турнир марта;Завершен;2024-07-12;2024-03-15;2024-04-20;2024-03-04;2024-03-31;2024-07-12;393;{"seasonCode": "SEASON_2024"}
CONTEST_28;TOURNAMENT_28_2024_M11;турнир ноября;Удален;2026-01-29;2024-10-28;2024-12-20;2024-11-01;2024-11-30;null;3715;{"seasonCode": "SEASON_2024"}
CONTEST_28;TOURNAMENT_28_2024_M10;турнир октября;Завершен;2024-11-27;2024-10-11;2024-11-20;2024-10-01;2024-10-31;2024-11-27;219;{"seasonCode": "SEASON_2024"}
CONTEST_28;TOURNAMENT_28_09;турнир сентября;Завершен;2024-10-23;2024-09-02;2024-10-14;2024-09-01;2024-09-30;2024-10-23;312;{"seasonCode": "SEASON_2024"}
CONTEST_28;TOURNAMENT_28_08;турнир августа;Завершен;2024-10-22;2024-08-02;2024-10-14;2024-08-01;2024-08-31;2024-10-15;530;{"seasonCode": "SEASON_2024"}
CONTEST_28;TOURNAMENT_28_07;турнир июля;Завершен;2024-08-30;2024-07-11;2024-08-20;2024-07-01;2024-07-31;2024-08-30;382;{"seasonCode": "SEASON_2024"}
CONTEST_28;TOURNAMENT_28_06;турнир июня;Завершен;2024-08-19;2024-05-31;2024-08-12;2024-06-01;2024-06-30;2024-08-19;455;{"seasonCode": "SEASON_2024"}
CONTEST_28;TOURNAMENT_28_05;турнир мая;Завершен;2024-07-11;2024-04-26;2024-06-30;2024-05-01;2024-05-31;2024-07-11;578;{"seasonCode": "SEASON_2024"}
CONTEST_28;TOURNAMENT_28_04;турнир апреля;Завершен;2024-07-15;2024-03-29;2024-07-06;2024-04-01;2024-04-30;2024-07-15;759;{"seasonCode": "SEASON_2024"}
CONTEST_28;TOURNAMENT_28_03;турнир марта;Завершен;2024-07-12;2024-03-07;2024-07-06;2024-03-01;2024-03-31;2024-07-12;473;{"seasonCode": "SEASON_2024"}
CONTEST_26;TOURNAMENT_26_2023_12;турнир 3 месяца;Завершен;2024-03-06;2023-12-12;2024-03-01;2023-12-01;2024-02-29;2024-03-06;653;{"seasonCode": "SEASON_2024"}
CONTEST_25;TOURNAMENT_25_2024_04;турнир квартала;Завершен;2025-02-11;2024-10-11;2024-12-31;2024-10-01;2024-12-31;2025-02-11;945;{"seasonCode": "SEASON_2024"}
CONTEST_25;TOURNAMENT_25_2024_03;турнир квартала;Завершен;2024-10-25;2024-07-11;2024-10-20;2024-07-01;2024-09-30;2024-10-25;745;{"seasonCode": "SEASON_2024"}
CONTEST_25;TOURNAMENT_25_2024_02;турнир квартала;Завершен;2024-07-18;2024-03-25;2024-07-15;2024-04-01;2024-06-30;2024-07-18;928;{"seasonCode": "SEASON_2024"}
CONTEST_25;TOURNAMENT_25_2023_12;турнир 3 месяца;Удален;2026-01-29;2023-12-12;2024-03-15;2023-12-01;2024-02-29;null;6184;{"seasonCode": "SEASON_2024"}
CONTEST_23;TOURNAMENT_m_23_2024_Q04;турнир квартала;Завершен;2025-03-05;2024-10-24;2025-03-04;2024-10-01;2024-12-31;2025-03-05;977;{"seasonCode": "SEASON_m_2024"}
CONTEST_23;TOURNAMENT_m_23_03;турнир квартала;Завершен;2025-03-05;2024-07-18;2025-03-04;2024-07-01;2024-09-30;2025-03-05;778;{"seasonCode": "SEASON_m_2024"}
CONTEST_23;TOURNAMENT_m_23_02;турнир квартала;Завершен;2025-03-05;2024-05-31;2025-03-04;2024-04-01;2024-06-30;2025-03-05;599;{"seasonCode": "SEASON_m_2024"}
CONTEST_23;TOURNAMENT_23_01;турнир квартала;Удален;2026-01-29;2023-11-10;2024-01-30;2023-10-01;2023-12-31;null;6377;{"seasonCode": "SEASON_m_2024"}
CONTEST_23;TOURNAMENT_23_2023_04;турнир квартала;Завершен;2025-03-05;2023-11-10;2025-03-04;2023-10-01;2023-12-31;2025-03-05;688;{"seasonCode": "SEASON_m_2024"}
CONTEST_20;TOURNAMENT_20_2024_Q04;турнир квартала;Завершен;2025-02-11;2024-10-11;2024-12-31;2024-10-01;2024-12-31;2025-02-11;949;{"seasonCode": "SEASON_2024"}
CONTEST_17;TOURNAMENT_17_01;произвольный;Завершен;2024-07-15;2024-06-28;2024-05-19;2023-07-01;2023-12-31;2024-07-15;65;{"seasonCode": "SEASON_2024"}
CONTEST_16;TOURNAMENT_16_01;произвольный;Завершен;2024-07-15;2024-06-28;2024-05-19;2023-07-01;2023-12-31;2024-07-15;65;{"seasonCode": "SEASON_2024"}
CONTEST_15;TOURNAMENT_15_01;произвольный;Завершен;2024-07-15;2024-06-28;2024-05-19;2023-07-01;2023-12-31;2024-07-15;65;{"seasonCode": "SEASON_2024"}
CONTEST_14;TOURNAMENT_14_01;произвольный;Завершен;2024-07-15;2024-06-28;2024-05-19;2023-07-01;2023-12-31;2024-07-15;65;{"seasonCode": "SEASON_2024"}
CONTEST_13;TOURNAMENT_13_01;произвольный;Удален;2026-01-29;2024-03-20;2024-04-20;2023-07-01;2023-12-31;null;5401;{"seasonCode": "SEASON_2024"}
CONTEST_13;TOURNAMENT_13_03;произвольный;Завершен;2024-05-24;2024-04-17;2024-05-13;2023-07-01;2023-12-31;2024-05-24;186;{"seasonCode": "SEASON_2024"}
CONTEST_13;TOURNAMENT_13_02;произвольный;Удален;2026-01-29;2024-04-17;2024-04-25;2023-07-01;2023-12-31;null;5143;{"seasonCode": "SEASON_2024"}
CONTEST_12;TOURNAMENT_12_03;произвольный;Завершен;2024-05-24;2024-04-17;2024-05-13;2023-07-01;2023-12-31;2024-05-24;186;{"seasonCode": "SEASON_2024"}
CONTEST_12;TOURNAMENT_12_01;произвольный;Удален;2026-01-29;2024-03-20;2024-04-20;2023-07-01;2023-12-31;null;5401;{"seasonCode": "SEASON_2024"}
CONTEST_12;TOURNAMENT_12_02;произвольный;Удален;2026-01-29;2024-04-17;2024-04-25;2023-07-01;2023-12-31;null;5143;{"seasonCode": "SEASON_2024"}
CONTEST_11;TOURNAMENT_11_01;произвольный;Завершен;2023-10-19;2023-10-13;2023-10-10;2023-01-01;2023-06-30;2023-10-18;25;{"seasonCode": "SEASON_2024"}
CONTEST_11;TOURNAMENT_11_02;произвольный;Отменен;2026-01-29;2023-12-06;2024-10-11;2023-01-01;2023-06-30;2023-12-27;4004;{"seasonCode": "SEASON_2024"}
CONTEST_10_01;TOURNAMENT_10_01_09;турнир 2 недели;Удален;2026-01-29;2024-05-24;2024-07-20;2024-06-10;2024-06-23;null;4690;{"seasonCode": "SEASON_2024"}
CONTEST_10_01;TOURNAMENT_10_01_08;турнир 2 недели;Завершен;2024-06-28;2024-05-24;2024-06-28;2024-05-27;2024-06-09;2024-06-28;256;{"seasonCode": "SEASON_2024"}
CONTEST_10_01;TOURNAMENT_10_01_07;турнир 2 недели;Завершен;2024-06-27;2024-05-24;2024-06-20;2024-05-13;2024-05-26;2024-06-27;288;{"seasonCode": "SEASON_2024"}
CONTEST_10_01;TOURNAMENT_10_01_06;турнир 3 недели;Завершен;2024-06-06;2024-04-24;2024-05-26;2024-04-22;2024-05-12;2024-06-06;383;{"seasonCode": "SEASON_2024"}
CONTEST_10_01;TOURNAMENT_10_01_05;турнир 2 недели;Завершен;2024-04-25;2024-03-20;2024-04-24;2024-03-25;2024-04-07;2024-04-25;332;{"seasonCode": "SEASON_2024"}
CONTEST_10_01;TOURNAMENT_10_01_04;турнир 2 недели;Завершен;2024-04-24;2024-03-11;2024-04-23;2024-03-11;2024-03-24;2024-04-24;412;{"seasonCode": "SEASON_2024"}
CONTEST_10_01;TOURNAMENT_10_01_03;турнир 2 недели;Завершен;2024-03-19;2024-02-15;2024-03-18;2024-02-26;2024-03-10;2024-03-19;220;{"seasonCode": "SEASON_2024"}
CONTEST_10_01;TOURNAMENT_10_01_02;турнир 2 недели;Завершен;2024-03-19;2024-02-12;2024-03-15;2024-02-12;2024-02-25;2024-03-19;252;{"seasonCode": "SEASON_2024"}
CONTEST_10_01;TOURNAMENT_10_01_01;турнир 2 недели;Удален;2026-01-29;2024-02-06;2024-02-22;2024-02-05;2024-02-18;null;5673;{"seasonCode": "SEASON_2024"}
CONTEST_08_01;TOURNAMENT_08_01_2024_M11;турнир ноября;Удален;2026-01-29;2024-10-28;2024-12-20;2024-11-01;2024-11-30;null;3715;{"seasonCode": "SEASON_2024"}
CONTEST_08_01;TOURNAMENT_08_01_2024_M10;турнир октября;Завершен;2024-11-27;2024-10-11;2024-11-27;2024-10-01;2024-10-31;2024-11-27;217;{"seasonCode": "SEASON_2024"}
CONTEST_08_01;TOURNAMENT_08_01_2024_09;турнир сентября;Завершен;2024-10-21;2024-09-02;2024-10-20;2024-09-01;2024-09-30;2024-10-21;294;{"seasonCode": "SEASON_2024"}
CONTEST_08_01;TOURNAMENT_08_01_2024_08;турнир августа;Завершен;2024-09-20;2024-08-02;2024-09-20;2024-08-01;2024-08-31;2024-09-20;434;{"seasonCode": "SEASON_2024"}
CONTEST_08_01;TOURNAMENT_08_01_2024_07;турнир июля;Завершен;2024-08-20;2024-07-11;2024-08-20;2024-07-01;2024-07-31;2024-08-20;284;{"seasonCode": "SEASON_2024"}
CONTEST_08_01;TOURNAMENT_08_01_2024_06;турнир июня;Завершен;2024-07-21;2024-05-31;2024-07-20;2024-06-01;2024-06-30;2024-07-21;341;{"seasonCode": "SEASON_2024"}
CONTEST_08_01;TOURNAMENT_08_01_2024_05;турнир мая;Завершен;2024-07-11;2024-04-24;2024-07-02;2024-05-01;2024-05-31;2024-07-11;533;{"seasonCode": "SEASON_2024"}
CONTEST_08_01;TOURNAMENT_08_01_2024_04;турнир апреля;Завершен;2024-07-11;2024-04-24;2024-07-02;2024-04-01;2024-04-30;2024-07-11;267;{"seasonCode": "SEASON_2024"}
CONTEST_08_01;TOURNAMENT_08_01_2024_03;турнир марта;Завершен;2024-04-22;2024-02-15;2024-04-20;2024-03-01;2024-03-31;2024-04-22;526;{"seasonCode": "SEASON_2024"}
CONTEST_08_01;TOURNAMENT_08_01_2024_02;турнир февраля;Завершен;2024-03-25;2024-01-18;2024-03-24;2024-02-01;2024-02-29;2024-03-25;493;{"seasonCode": "SEASON_2024"}
CONTEST_08_01;TOURNAMENT_08_01_2024_01;турнир января;Завершен;2024-02-15;2023-11-10;2024-02-14;2024-01-01;2024-01-31;2024-02-15;750;{"seasonCode": "SEASON_2024"}
CONTEST_08_01;TOURNAMENT_08_01_2023_12;турнир декабря;Завершен;2024-01-24;2023-11-10;2024-01-24;2023-12-01;2023-12-31;2024-01-24;581;{"seasonCode": "SEASON_2024"}
CONTEST_08_01;TOURNAMENT_08_01_2023_11;турнир ноября;Завершен;2024-01-18;2023-11-10;2023-12-29;2023-11-01;2023-11-30;2024-01-18;344;{"seasonCode": "SEASON_2024"}
CONTEST_07;TOURNAMENT_07_06;турнир месяца;Удален;2026-01-29;2023-08-30;2024-01-15;2023-12-01;2023-12-31;null;6538;{"seasonCode": "SEASON_2024"}
CONTEST_07;TOURNAMENT_07_05;турнир месяца;Удален;2026-01-29;2023-08-30;2023-12-13;2023-11-01;2023-11-30;null;6538;{"seasonCode": "SEASON_2024"}
CONTEST_07;TOURNAMENT_07_04;турнир месяца;Удален;2026-01-29;2023-08-30;2023-11-13;2023-10-01;2023-10-31;2023-10-23;6566;{"seasonCode": "SEASON_2024"}
CONTEST_07;TOURNAMENT_07_03;турнир месяца;Завершен;2023-10-17;2023-08-30;2023-10-07;2023-09-01;2023-09-30;2023-10-16;155;{"seasonCode": "SEASON_2024"}
CONTEST_07;TOURNAMENT_07_02;турнир месяца;Завершен;2023-09-22;2023-08-30;2023-09-04;2023-08-01;2023-08-31;2023-09-21;65;{"seasonCode": "SEASON_2024"}
CONTEST_07;TOURNAMENT_07_01;турнир месяца;Удален;2026-01-29;2023-08-30;2023-08-31;2023-07-01;2023-07-31;2023-09-03;6542;{"seasonCode": "SEASON_2024"}
CONTEST_06;TOURNAMENT_06_06;турнир месяца;Удален;2026-01-29;2023-08-30;2024-01-15;2023-12-01;2023-12-31;null;6538;{"seasonCode": "SEASON_2024"}
CONTEST_06;TOURNAMENT_06_05;турнир месяца;Удален;2026-01-29;2023-08-30;2023-12-13;2023-11-01;2023-11-30;null;6538;{"seasonCode": "SEASON_2024"}
CONTEST_06;TOURNAMENT_06_04;турнир месяца;Удален;2026-01-29;2023-08-30;2023-11-13;2023-10-01;2023-10-31;2023-10-23;6566;{"seasonCode": "SEASON_2024"}
CONTEST_06;TOURNAMENT_06_03;турнир месяца;Завершен;2023-10-17;2023-08-30;2023-10-07;2023-09-01;2023-09-30;2023-10-16;155;{"seasonCode": "SEASON_2024"}
CONTEST_06;TOURNAMENT_06_02;турнир месяца;Завершен;2023-09-22;2023-08-30;2023-09-04;2023-08-01;2023-08-31;2023-09-21;65;{"seasonCode": "SEASON_2024"}
CONTEST_06;TOURNAMENT_06_01;турнир месяца;Завершен;2023-09-05;2023-08-30;2023-09-04;2023-07-01;2023-07-31;2023-09-04;11;{"seasonCode": "SEASON_2024"}
CONTEST_05;TOURNAMENT_05_2024_M11;турнир ноября;Удален;2026-01-29;2024-10-28;2024-12-20;2024-11-01;2024-11-30;null;3715;{"seasonCode": "SEASON_2024"}
CONTEST_05;TOURNAMENT_05_2024_M10;турнир октября;Завершен;2024-11-25;2024-10-11;2024-11-20;2024-10-01;2024-10-31;2024-11-25;197;{"seasonCode": "SEASON_2024"}
CONTEST_05;TOURNAMENT_05_2024_09;турнир сентября;Завершен;2024-10-23;2024-09-02;2024-10-20;2024-09-01;2024-09-30;2024-10-23;312;{"seasonCode": "SEASON_2024"}
CONTEST_05;TOURNAMENT_05_2024_08;турнир августа;Завершен;2024-09-23;2024-08-20;2024-09-20;2024-08-01;2024-08-31;2024-09-23;330;{"seasonCode": "SEASON_2024"}
CONTEST_05;TOURNAMENT_05_2024_07;турнир июля;Завершен;2024-08-21;2024-07-11;2024-08-20;2024-07-01;2024-07-31;2024-08-21;298;{"seasonCode": "SEASON_2024"}
CONTEST_05;TOURNAMENT_05_2024_06;турнир июня;Завершен;2024-07-23;2024-05-31;2024-07-20;2024-06-01;2024-06-30;2024-07-23;363;{"seasonCode": "SEASON_2024"}
CONTEST_05;TOURNAMENT_05_2024_05;турнир мая;Завершен;2024-06-28;2024-05-31;2024-06-20;2024-05-01;2024-05-31;2024-06-28;228;{"seasonCode": "SEASON_2024"}
CONTEST_05;TOURNAMENT_05_2024_04;турнир апреля;Завершен;2024-05-24;2024-04-02;2024-05-20;2024-04-01;2024-04-30;2024-05-24;477;{"seasonCode": "SEASON_2024"}
CONTEST_05;TOURNAMENT_05_2024_03;турнир марта;Завершен;2024-04-24;2024-03-01;2024-04-20;2024-03-01;2024-03-31;2024-04-24;494;{"seasonCode": "SEASON_2024"}
CONTEST_05;TOURNAMENT_05_2024_01;турнир января;Удален;2026-01-29;2023-11-10;2024-02-20;2024-01-01;2024-01-31;null;6377;{"seasonCode": "SEASON_2024"}
CONTEST_05;TOURNAMENT_05_06;турнир месяца;Удален;2026-01-29;2023-08-30;2024-01-15;2023-12-01;2023-12-31;null;6538;{"seasonCode": "SEASON_2024"}
CONTEST_05;TOURNAMENT_05_2023_12;турнир декабря;Завершен;2024-02-29;2023-11-10;2024-02-20;2023-12-01;2023-12-31;2024-02-29;800;{"seasonCode": "SEASON_2024"}
CONTEST_05;TOURNAMENT_05_05;турнир месяца;Удален;2026-01-29;2023-08-30;2023-12-13;2023-11-01;2023-11-30;null;6538;{"seasonCode": "SEASON_2024"}
CONTEST_05;TOURNAMENT_05_2023_11;турнир ноября;Завершен;2023-12-25;2023-11-10;2023-12-14;2023-11-01;2023-11-30;2023-12-21;298;{"seasonCode": "SEASON_2024"}
CONTEST_05;TOURNAMENT_05_04;турнир месяца;Удален;2026-01-29;2023-08-30;2023-11-13;2023-10-01;2023-10-31;2023-10-23;6566;{"seasonCode": "SEASON_2024"}
CONTEST_05;TOURNAMENT_05_03;турнир месяца;Завершен;2023-10-17;2023-08-30;2023-10-07;2023-09-01;2023-09-30;2023-10-16;155;{"seasonCode": "SEASON_2024"}
CONTEST_05;TOURNAMENT_05_02;турнир месяца;Завершен;2023-09-22;2023-08-30;2023-09-04;2023-08-01;2023-08-31;2023-09-21;65;{"seasonCode": "SEASON_2024"}
CONTEST_05;TOURNAMENT_05_01;турнир месяца;Завершен;2023-09-23;2023-08-30;2023-08-31;2023-07-01;2023-07-31;2023-09-22;48;{"seasonCode": "SEASON_2024"}
CONTEST_04;TOURNAMENT_04_01;произвольный;Удален;2026-01-29;2023-08-30;2025-02-12;2023-10-01;2024-12-31;2025-11-06;8798;null
CONTEST_03;TOURNAMENT_03_01;произвольный;Удален;2026-01-29;2023-08-30;2025-02-12;2023-10-01;2024-12-31;2025-11-06;8798;null
CONTEST_02;TOURNAMENT_02_01;произвольный;Удален;2026-01-29;2023-08-30;2025-02-12;2023-10-01;2024-12-31;2025-11-06;8798;null
CONTEST_01;TOURNAMENT_01_01;произвольный;Удален;2026-01-29;2023-08-30;2025-02-12;2023-10-01;2024-12-31;2025-11-06;8798;null
08_2025-0_18-4_1;t_08_2025-0_18-4_1_4001;турнир 2 квартала;Завершен;2025-07-25;2025-03-13;2025-07-04;2025-03-01;2025-06-30;2025-07-25;1169;{"seasonCode": "SEASON_rsb1_2025"}
08_2025-0_18-4_1;t_08_2025-0_18-4_1_2011;турнир 1 квартала;Удален;2026-01-29;2025-02-12;2025-05-01;2025-01-01;2025-03-31;null;2876;{"seasonCode": "SEASON_rsb1_2025"}
08_2025-0_18-3_1;t_08_2025-0_18-3_1_4001;турнир 2 квартала;Завершен;2025-07-25;2025-03-13;2025-07-04;2025-03-01;2025-06-30;2025-07-25;1169;{"seasonCode": "SEASON_rsb1_2025"}
08_2025-0_18-3_1;t_08_2025-0_18-3_1_2011;турнир 1 квартала;Удален;2026-01-29;2025-02-12;2025-05-01;2025-01-01;2025-03-31;null;2876;{"seasonCode": "SEASON_rsb1_2025"}
08_2025-0_18-2_2;t_08_2025-0_18-2_2_4001;турнир 2 месяца;Удален;2026-01-29;2025-07-14;2025-09-20;2025-07-01;2025-08-31;null;1595;{"seasonCode": "SEASON_rsb1_2025"}
08_2025-0_18-2_1;t_08_2025-0_18-2_1_4001;турнир 2 квартала;Завершен;2025-07-25;2025-03-13;2025-07-04;2025-03-01;2025-06-30;2025-07-25;1169;{"seasonCode": "SEASON_rsb1_2025"}
08_2025-0_18-2_1;t_08_2025-0_18-2_1_2011;турнир 1 квартала;Удален;2026-01-29;2025-02-12;2025-05-01;2025-01-01;2025-03-31;null;2876;{"seasonCode": "SEASON_rsb1_2025"}
08_2025-0_18-1_1;t_08_2025-0_18-1_1_4001;турнир 2 квартала;Завершен;2025-07-25;2025-03-13;2025-07-04;2025-03-01;2025-06-30;2025-07-25;1169;{"seasonCode": "SEASON_rsb1_2025"}
08_2025-0_18-1_1;t_08_2025-0_18-1_1_2011;турнир 1 квартала;Удален;2026-01-29;2025-02-12;2025-05-01;2025-01-01;2025-03-31;null;2876;{"seasonCode": "SEASON_rsb1_2025"}
07_2025-0_18-4_1;t_07_2025-0_18-4_1_4001;турнир 2 квартала;Завершен;2025-07-25;2025-03-13;2025-07-04;2025-03-01;2025-06-30;2025-07-25;1169;{"seasonCode": "SEASON_rnub_2025"}
07_2025-0_18-4_1;t_07_2025-0_18-4_1_2011;турнир 1 квартала;Удален;2026-01-29;2025-02-12;2025-05-01;2025-01-01;2025-03-31;null;2876;{"seasonCode": "SEASON_rnub_2025"}
07_2025-0_18-3_1;t_07_2025-0_18-3_1_4001;произвольный;Удален;2026-01-29;2025-03-13;2025-07-20;2025-03-01;2025-06-30;null;2658;{"seasonCode": "SEASON_rnub_2025"}
07_2025-0_18-3_1;t_07_2025-0_18-3_1_2011;турнир 1 квартала;Удален;2026-01-29;2025-02-12;2025-05-01;2025-01-01;2025-03-31;null;2876;{"seasonCode": "SEASON_rnub_2025"}
07_2025-0_18-2_2;t_07_2025-0_18-2_2_4001;турнир 2 месяца;Удален;2026-01-29;2025-07-14;2025-09-20;2025-07-01;2025-08-31;null;1595;{"seasonCode": "SEASON_rnub_2025"}
07_2025-0_18-2_1;t_07_2025-0_18-2_1_4001;турнир 2 квартала;Завершен;2025-07-25;2025-03-13;2025-07-04;2025-03-01;2025-06-30;2025-07-25;1169;{"seasonCode": "SEASON_rnub_2025"}
07_2025-0_18-2_1;t_07_2025-0_18-2_1_2011;турнир 1 квартала;Удален;2026-01-29;2025-02-12;2025-05-01;2025-01-01;2025-03-31;null;2876;{"seasonCode": "SEASON_rnub_2025"}
07_2025-0_18-1_1;t_07_2025-0_18-1_1_4001;турнир 2 квартала;Завершен;2025-07-25;2025-03-13;2025-07-04;2025-03-01;2025-06-30;2025-07-25;1169;{"seasonCode": "SEASON_rnub_2025"}
07_2025-0_18-1_1;t_07_2025-0_18-1_1_2011;турнир 1 квартала;Удален;2026-01-29;2025-02-12;2025-05-01;2025-01-01;2025-03-31;null;2876;{"seasonCode": "SEASON_rnub_2025"}
06_2025-0_18-4_1;t_06_2025-0_18-4_1_4001;турнир 2 квартала;Завершен;2025-07-25;2025-03-13;2025-07-04;2025-03-01;2025-06-30;2025-07-25;1169;{"seasonCode": "SEASON_imub_2025"}
06_2025-0_18-4_1;t_06_2025-0_18-4_1_2011;турнир 1 квартала;Удален;2026-01-29;2025-02-12;2025-05-01;2025-01-01;2025-03-31;null;2876;{"seasonCode": "SEASON_imub_2025"}
06_2025-0_18-3_1;t_06_2025-0_18-3_1_4001;турнир 2 квартала;Завершен;2025-07-25;2025-03-13;2025-07-04;2025-03-01;2025-06-30;2025-07-25;1169;{"seasonCode": "SEASON_imub_2025"}
06_2025-0_18-3_1;t_06_2025-0_18-3_1_2011;турнир 1 квартала;Удален;2026-01-29;2025-02-12;2025-05-01;2025-01-01;2025-03-31;null;2876;{"seasonCode": "SEASON_imub_2025"}
06_2025-0_18-2_2;t_06_2025-0_18-2_2_4001;турнир 2 месяца;Удален;2026-01-29;2025-07-14;2025-09-20;2025-07-01;2025-08-31;null;1595;{"seasonCode": "SEASON_imub_2025"}
06_2025-0_18-2_1;t_06_2025-0_18-2_1_4001;турнир 2 квартала;Завершен;2025-07-25;2025-03-13;2025-07-04;2025-03-01;2025-06-30;2025-07-25;1169;{"seasonCode": "SEASON_imub_2025"}
06_2025-0_18-2_1;t_06_2025-0_18-2_1_2011;турнир 1 квартала;Удален;2026-01-29;2025-02-12;2025-05-01;2025-01-01;2025-03-31;null;2876;{"seasonCode": "SEASON_imub_2025"}
06_2025-0_18-1_1;t_06_2025-0_18-1_1_4001;турнир 2 квартала;Завершен;2025-07-25;2025-03-13;2025-07-04;2025-03-01;2025-06-30;2025-07-25;1169;{"seasonCode": "SEASON_imub_2025"}
06_2025-0_18-1_1;t_06_2025-0_18-1_1_2011;турнир 1 квартала;Удален;2026-01-29;2025-02-12;2025-05-01;2025-01-01;2025-03-31;null;2876;{"seasonCode": "SEASON_imub_2025"}
05_2025-0_18-8_4;t_05_2025-0_18-8_4_1001;турнир года;Подведение итогов;2026-01-29;2025-04-11;2026-04-30;2025-01-01;2025-12-31;2026-01-29;3579;{"seasonCode": "SEASON_kmsb1_2025"}
05_2025-0_18-8_3;t_05_2025-0_18-8_3_1001;турнир года;Подведение итогов;2026-01-29;2025-04-11;2026-04-30;2025-01-01;2025-12-31;2026-01-29;3579;{"seasonCode": "SEASON_kmsb1_2025"}
05_2025-0_18-8_2;t_05_2025-0_18-8_2_1001;турнир года;Подведение итогов;2026-01-29;2025-04-11;2026-04-30;2025-01-01;2025-12-31;2026-01-29;3579;{"seasonCode": "SEASON_kmsb1_2025"}
05_2025-0_18-8_1;t_05_2025-0_18-8_1_1001;турнир года;Подведение итогов;2026-01-29;2025-04-11;2026-04-30;2025-01-01;2025-12-31;2026-01-29;3579;{"seasonCode": "SEASON_kmsb1_2025"}
05_2025-0_18-7_4;t_05_2025-0_18-7_4_1001;турнир года;Подведение итогов;2026-01-29;2025-02-21;2026-04-30;2025-01-01;2025-12-31;2026-01-29;4011;{"seasonCode": "SEASON_kmsb1_2025"}
05_2025-0_18-7_3;t_05_2025-0_18-7_3_1001;турнир года;Подведение итогов;2026-01-29;2025-02-21;2026-04-30;2025-01-01;2025-12-31;2026-01-29;4011;{"seasonCode": "SEASON_kmsb1_2025"}
05_2025-0_18-7_2;t_05_2025-0_18-7_2_1001;турнир года;Подведение итогов;2026-01-29;2025-02-21;2026-04-30;2025-01-01;2025-12-31;2026-01-29;4011;{"seasonCode": "SEASON_kmsb1_2025"}
05_2025-0_18-7_1;t_05_2025-0_18-7_1_1001;турнир года;Подведение итогов;2026-01-29;2025-02-21;2026-04-30;2025-01-01;2025-12-31;2026-01-29;4011;{"seasonCode": "SEASON_kmsb1_2025"}
05_2025-0_18-6_1;t_05_2025-0_18-6_1_4001;произвольный;Завершен;2025-07-25;2025-03-13;2025-07-14;2025-03-01;2025-06-30;2025-07-25;1169;{"seasonCode": "SEASON_kmsb1_2025"}
05_2025-0_18-6_1;t_05_2025-0_18-6_1_2011;турнир 1 квартала;Удален;2026-01-29;2025-02-21;2025-04-20;2025-01-01;2025-03-31;null;2804;{"seasonCode": "SEASON_kmsb1_2025"}
05_2025-0_18-5_1;t_05_2025-0_18-5_1_4001;турнир 2 квартала;Завершен;2025-07-25;2025-03-13;2025-07-14;2025-03-01;2025-06-30;2025-07-25;1169;{"seasonCode": "SEASON_kmsb1_2025"}
05_2025-0_18-5_1;t_05_2025-0_18-5_1_2011;турнир 1 квартала;Удален;2026-01-29;2025-02-12;2025-04-20;2025-01-01;2025-03-31;null;2876;{"seasonCode": "SEASON_kmsb1_2025"}
05_2025-0_18-4_1;t_05_2025-0_18-4_1_4001;турнир 2 квартала;Завершен;2025-07-25;2025-03-13;2025-07-04;2025-03-01;2025-06-30;2025-07-25;1169;{"seasonCode": "SEASON_kmsb1_2025"}
05_2025-0_18-4_1;t_05_2025-0_18-4_1_2011;турнир 1 квартала;Удален;2026-01-29;2025-02-12;2025-05-01;2025-01-01;2025-03-31;null;2876;{"seasonCode": "SEASON_kmsb1_2025"}
05_2025-0_18-4_1;t_05_2025-0_18-2_1_2011;турнир 1 квартала;Удален;2026-01-29;2025-02-12;2025-05-01;2025-01-01;2025-03-31;null;2876;{"seasonCode": "SEASON_kmsb1_2025"}
05_2025-0_18-3_1;t_05_2025-0_18-3_1_4001;турнир 2 квартала;Завершен;2025-07-25;2025-03-13;2025-07-04;2025-03-01;2025-06-30;2025-07-25;1169;{"seasonCode": "SEASON_kmsb1_2025"}
05_2025-0_18-3_1;t_05_2025-0_18-3_1_2011;турнир 1 квартала;Удален;2026-01-29;2025-02-12;2025-05-01;2025-01-01;2025-03-31;null;2876;{"seasonCode": "SEASON_kmsb1_2025"}
05_2025-0_18-2_2;t_05_2025-0_18-2_2_4001;турнир 2 месяца;Удален;2026-01-29;2025-07-14;2025-09-20;2025-07-01;2025-08-31;null;1595;{"seasonCode": "SEASON_kmsb1_2025"}
05_2025-0_18-2_1;t_05_2025-0_18-2_1_4001;турнир 2 квартала;Завершен;2025-07-25;2025-03-13;2025-07-04;2025-03-01;2025-06-30;2025-07-25;1169;{"seasonCode": "SEASON_kmsb1_2025"}
05_2025-0_18-1_1;t_05_2025-0_18-1_1_4001;турнир 2 квартала;Завершен;2025-07-25;2025-03-13;2025-07-04;2025-03-01;2025-06-30;2025-07-25;1169;{"seasonCode": "SEASON_kmsb1_2025"}
05_2025-0_18-1_1;t_05_2025-0_18-1_1_2011;турнир 1 квартала;Удален;2026-01-29;2025-02-12;2025-05-01;2025-01-01;2025-03-31;null;2876;{"seasonCode": "SEASON_kmsb1_2025"}
04_2025-0_15-2_3;t_04_2025-0_15-2_3_2041;турнир 4 квартала;Подведение итогов;2026-01-29;2025-09-19;2026-02-05;2025-10-01;2025-12-31;null;1005;{"seasonCode": "SEASON_f_2025"}
04_2025-0_15-2_3;t_04_2025-0_15-2_3_2031;турнир 3 квартала;Завершен;2025-11-20;2025-07-24;2025-10-20;2025-07-01;2025-09-30;2025-11-20;929;{"seasonCode": "SEASON_f_2025"}
04_2025-0_15-2_3;t_04_2025-0_15-2_3_2021;турнир 2 квартала;Завершен;2025-07-24;2025-03-31;2025-07-14;2025-04-01;2025-06-30;2025-07-24;1011;{"seasonCode": "SEASON_f_2025"}
04_2025-0_15-2_3;t_04_2025-0_15-2_3_2011;турнир 1 квартала;Завершен;2025-04-17;2025-02-12;2025-04-14;2025-01-01;2025-03-31;2025-04-17;524;{"seasonCode": "SEASON_f_2025"}
04_2025-0_15-2_2;t_04_2025-0_15-2_2_2041;турнир 4 квартала;Подведение итогов;2026-01-29;2025-09-19;2026-02-05;2025-10-01;2025-12-31;null;1005;{"seasonCode": "SEASON_f_2025"}
04_2025-0_15-2_2;t_04_2025-0_15-2_2_2031;турнир 3 квартала;Завершен;2025-11-20;2025-07-24;2025-10-20;2025-07-01;2025-09-30;2025-11-20;929;{"seasonCode": "SEASON_f_2025"}
04_2025-0_15-2_2;t_04_2025-0_15-2_2_2021;турнир 2 квартала;Завершен;2025-07-24;2025-03-31;2025-07-14;2025-04-01;2025-06-30;2025-07-24;1011;{"seasonCode": "SEASON_f_2025"}
04_2025-0_15-2_2;t_04_2025-0_15-2_2_2011;турнир 1 квартала;Завершен;2025-04-17;2025-02-12;2025-04-14;2025-01-01;2025-03-31;2025-04-17;524;{"seasonCode": "SEASON_f_2025"}
04_2025-0_15-2_1;t_04_2025-0_15-2_1_2041;турнир 4 квартала;Подведение итогов;2026-01-29;2025-09-19;2026-02-05;2025-10-01;2025-12-31;null;1005;{"seasonCode": "SEASON_f_2025"}
04_2025-0_15-2_1;t_04_2025-0_15-2_1_2031;турнир 3 квартала;Завершен;2025-11-20;2025-07-24;2025-10-20;2025-07-01;2025-09-30;2025-11-20;929;{"seasonCode": "SEASON_f_2025"}
04_2025-0_15-2_1;t_04_2025-0_15-2_1_2021;турнир 2 квартала;Завершен;2025-07-24;2025-03-31;2025-07-14;2025-04-01;2025-06-30;2025-07-24;1011;{"seasonCode": "SEASON_f_2025"}
04_2025-0_15-2_1;t_04_2025-0_15-2_1_2011;турнир 1 квартала;Завершен;2025-04-17;2025-02-12;2025-04-14;2025-01-01;2025-03-31;2025-04-17;524;{"seasonCode": "SEASON_f_2025"}
04_2025-0_15-1_3;t_04_2025-0_15-1_3_2041;турнир 4 квартала;Подведение итогов;2026-01-29;2025-09-19;2026-02-05;2025-10-01;2025-12-31;null;1005;{"seasonCode": "SEASON_f_2025"}
04_2025-0_15-1_3;t_04_2025-0_15-1_3_2031;турнир 3 квартала;Завершен;2025-11-20;2025-07-24;2025-10-20;2025-07-01;2025-09-30;2025-11-20;929;{"seasonCode": "SEASON_f_2025"}
04_2025-0_15-1_3;t_04_2025-0_15-1_3_2021;турнир 2 квартала;Завершен;2025-07-24;2025-03-31;2025-07-14;2025-04-01;2025-06-30;2025-07-24;1011;{"seasonCode": "SEASON_f_2025"}
04_2025-0_15-1_3;t_04_2025-0_15-1_3_2011;турнир 1 квартала;Завершен;2025-04-17;2025-02-12;2025-04-14;2025-01-01;2025-03-31;2025-04-17;524;{"seasonCode": "SEASON_f_2025"}
04_2025-0_15-1_2;t_04_2025-0_15-1_2_2041;турнир 4 квартала;Подведение итогов;2026-01-29;2025-09-19;2026-02-05;2025-10-01;2025-12-31;null;1005;{"seasonCode": "SEASON_f_2025"}
04_2025-0_15-1_2;t_04_2025-0_15-1_2_2031;турнир 3 квартала;Завершен;2025-11-20;2025-07-24;2025-10-20;2025-07-01;2025-09-30;2025-11-20;929;{"seasonCode": "SEASON_f_2025"}
04_2025-0_15-1_2;t_04_2025-0_15-1_2_2021;турнир 2 квартала;Завершен;2025-07-24;2025-03-31;2025-07-14;2025-04-01;2025-06-30;2025-07-24;1011;{"seasonCode": "SEASON_f_2025"}
04_2025-0_15-1_2;t_04_2025-0_15-1_2_2011;турнир 1 квартала;Завершен;2025-04-29;2025-02-12;2025-04-22;2025-01-01;2025-03-31;2025-04-29;537;{"seasonCode": "SEASON_f_2025"}
04_2025-0_15-1_1;t_04_2025-0_15-1_1_2041;турнир 4 квартала;Подведение итогов;2026-01-29;2025-09-19;2026-02-05;2025-10-01;2025-12-31;null;1005;{"seasonCode": "SEASON_f_2025"}
04_2025-0_15-1_1;t_04_2025-0_15-1_1_2031;турнир 3 квартала;Завершен;2025-11-20;2025-07-24;2025-10-20;2025-07-01;2025-09-30;2025-11-20;929;{"seasonCode": "SEASON_f_2025"}
04_2025-0_15-1_1;t_04_2025-0_15-1_1_2021;турнир 2 квартала;Завершен;2025-07-24;2025-03-31;2025-07-14;2025-04-01;2025-06-30;2025-07-24;1011;{"seasonCode": "SEASON_f_2025"}
04_2025-0_15-1_1;t_04_2025-0_15-1_1_2011;турнир 1 квартала;Завершен;2025-04-29;2025-02-12;2025-04-22;2025-01-01;2025-03-31;2025-04-29;537;{"seasonCode": "SEASON_f_2025"}
04_2025-0_01-3_1;t_04_2025-0_01-3_1_1001;турнир года;Завершен;2026-01-19;2026-01-19;2026-01-18;2025-01-01;2025-12-31;2026-01-19;4;{"seasonCode": "NON"}
03_2025-0_01-4_3;t_03_2025-0_01-4_3_1001;турнир года;Удален;2026-01-29;2025-10-24;2026-01-20;2025-01-01;2025-12-31;2025-11-24;816;{"seasonCode": "SEASON_s_2025"}
03_2025-0_01-4_2;t_03_2025-0_01-4_2_1001;турнир года;Удален;2026-01-29;2025-10-24;2026-01-20;2025-01-01;2025-12-31;2025-11-24;816;{"seasonCode": "SEASON_s_2025"}
03_2025-0_01-4_1;t_03_2025-0_01-4_1_1001;турнир года;Удален;2026-01-29;2025-10-24;2026-01-20;2025-01-01;2025-12-31;2025-11-24;816;{"seasonCode": "SEASON_s_2025"}
02_2025-2_07-9_1;t_02_2025-2_07-9_1_2041;турнир 4 квартала;Завершен;2026-01-27;2025-09-19;2026-01-19;2025-10-01;2025-12-31;2026-01-27;983;{"seasonCode": "SEASON_m_2025_2"}
02_2025-2_07-9_1;t_02_2025-2_07-9_1_2031;турнир 3 квартала;Завершен;2025-11-19;2025-06-30;2025-10-20;2025-07-01;2025-09-30;2025-11-19;1129;{"seasonCode": "SEASON_m_2025_2"}
02_2025-2_07-8_1;t_02_2025-2_07-8_1_2041;турнир 4 квартала;Завершен;2026-01-27;2025-09-19;2026-01-19;2025-10-01;2025-12-31;2026-01-27;983;{"seasonCode": "SEASON_m_2025_2"}
02_2025-2_07-8_1;t_02_2025-2_07-8_1_2031;турнир 3 квартала;Завершен;2025-11-19;2025-06-30;2025-10-20;2025-07-01;2025-09-30;2025-11-19;1129;{"seasonCode": "SEASON_m_2025_2"}
02_2025-2_07-7_1;t_02_2025-2_07-7_1_2041;турнир 4 квартала;Завершен;2026-01-27;2025-09-19;2026-01-19;2025-10-01;2025-12-31;2026-01-27;983;{"seasonCode": "SEASON_m_2025_2"}
02_2025-2_07-7_1;t_02_2025-2_07-7_1_2031;турнир 3 квартала;Завершен;2025-11-19;2025-06-30;2025-10-20;2025-07-01;2025-09-30;2025-11-19;1129;{"seasonCode": "SEASON_m_2025_2"}
02_2025-2_07-5_4;t_02_2025-2_07-5_4_2041;турнир 4 квартала;Завершен;2026-01-27;2025-09-19;2026-01-19;2025-10-01;2025-12-31;2026-01-27;983;{"seasonCode": "SEASON_m_2025_2"}
02_2025-2_07-5_4;t_02_2025-2_07-5_4_2031;турнир 3 квартала;Завершен;2025-11-19;2025-06-30;2025-10-20;2025-07-01;2025-09-30;2025-11-19;1129;{"seasonCode": "SEASON_m_2025_2"}
02_2025-2_07-3_1;t_02_2025-2_07-3_1_2041;турнир 4 квартала;Завершен;2026-01-27;2025-11-11;2026-01-19;2025-10-01;2025-12-31;2026-01-27;610;{"seasonCode": "SEASON_m_2025_2"}
02_2025-2_07-2_2;t_02_2025-2_07-2_2_4001;турнир 2 месяца;Завершен;2026-01-28;2025-11-11;2026-01-28;2025-11-01;2025-12-31;2026-01-28;892;{"seasonCode": "SEASON_m_2025_2"}
02_2025-2_07-2_1;t_02_2025-2_07-2_1_2031;турнир 2 полугодия;Завершен;2026-01-27;2025-06-30;2026-01-25;2025-07-01;2025-12-31;2026-01-27;1683;{"seasonCode": "SEASON_m_2025_2"}
02_2025-2_07-1_1;t_02_2025-2_07-1_1_2041;турнир 4 квартала;Завершен;2026-01-27;2025-09-19;2026-01-19;2025-10-01;2025-12-31;2026-01-27;983;{"seasonCode": "SEASON_m_2025_2"}
02_2025-2_07-1_1;t_02_2025-2_07-1_1_2031;турнир 3 квартала;Завершен;2025-11-19;2025-06-30;2025-10-20;2025-07-01;2025-09-30;2025-11-19;1129;{"seasonCode": "SEASON_m_2025_2"}
02_2025-2_07-11_3;t_02_2025-2_07-11_3_2041;турнир 4 квартала;Завершен;2026-01-27;2025-11-24;2026-01-19;2025-10-01;2025-12-31;2026-01-27;520;{"seasonCode": "SEASON_m_2025_2"}
02_2025-2_07-10_1;t_02_2025-2_07-10_1_2041;турнир 4 квартала;Завершен;2026-01-27;2025-11-11;2026-01-19;2025-10-01;2025-12-31;2026-01-27;610;{"seasonCode": "SEASON_m_2025_2"}
02_2025-1_07-9_1;t_02_2025-1_07-9_1_2021;турнир 2 квартала;Завершен;2025-07-24;2025-03-31;2025-07-05;2025-04-01;2025-06-30;2025-07-24;1011;{"seasonCode": "SEASON_m_2025_1"}
02_2025-1_07-9_1;t_02_2025-1_07-9_1_2011;турнир 1 квартала;Завершен;2025-04-29;2025-03-03;2025-04-17;2025-01-01;2025-03-31;2025-04-29;359;{"seasonCode": "SEASON_m_2025_1"}
02_2025-1_07-8_1;t_02_2025-1_07-8_1_2021;турнир 2 квартала;Завершен;2025-07-24;2025-03-31;2025-07-05;2025-04-01;2025-06-30;2025-07-24;1011;{"seasonCode": "SEASON_m_2025_1"}
02_2025-1_07-8_1;t_02_2025-1_07-8_1_2011;турнир 1 квартала;Завершен;2025-04-29;2025-03-03;2025-04-17;2025-01-01;2025-03-31;2025-04-29;359;{"seasonCode": "SEASON_m_2025_1"}
02_2025-1_07-7_1;t_02_2025-1_07-7_1_2021;турнир 2 квартала;Завершен;2025-07-24;2025-03-31;2025-07-05;2025-04-01;2025-06-30;2025-07-24;1011;{"seasonCode": "SEASON_m_2025_1"}
02_2025-1_07-7_1;t_02_2025-1_07-7_1_2011;турнир 1 квартала;Завершен;2025-04-29;2025-03-03;2025-04-17;2025-01-01;2025-03-31;2025-04-29;359;{"seasonCode": "SEASON_m_2025_1"}
02_2025-1_07-5_9;t_02_2025-1_07-5_9_4001;1 полугодие;Завершен;2026-01-20;2025-03-03;2025-08-05;2025-03-01;2025-07-31;2026-01-20;3930;{"seasonCode": "SEASON_m_2025_1"}
02_2025-1_07-5_8;t_02_2025-1_07-5_8_4001;1 полугодие;Завершен;2026-01-20;2025-03-03;2025-08-05;2025-03-01;2025-07-31;2026-01-20;3930;{"seasonCode": "SEASON_m_2025_1"}
02_2025-1_07-5_7;t_02_2025-1_07-5_7_4001;март-июль;Завершен;2025-08-06;2025-03-03;2025-08-05;2025-03-01;2025-07-31;2025-08-06;1339;{"seasonCode": "SEASON_m_2025_1"}
02_2025-1_07-5_6;t_02_2025-1_07-5_6_4001;март-июль;Завершен;2025-08-06;2025-03-03;2025-08-05;2025-03-01;2025-07-31;2025-08-06;1339;{"seasonCode": "SEASON_m_2025_1"}
02_2025-1_07-5_5;t_02_2025-1_07-5_5_4001;март-июль;Завершен;2025-08-06;2025-03-03;2025-08-05;2025-03-01;2025-07-31;2025-08-06;1339;{"seasonCode": "SEASON_m_2025_1"}
02_2025-1_07-5_4;t_02_2025-1_07-5_4_2021;турнир 2 квартала;Завершен;2025-07-24;2025-03-31;2025-07-05;2025-04-01;2025-06-30;2025-07-24;1011;{"seasonCode": "SEASON_m_2025_1"}
02_2025-1_07-5_4;t_02_2025-1_07-5_4_2011;турнир 1 квартала;Завершен;2025-04-29;2025-03-03;2025-04-17;2025-01-01;2025-03-31;2025-04-29;359;{"seasonCode": "SEASON_m_2025_1"}
02_2025-1_07-5_3;t_02_2025-1_07-5_3_4001;март-июль;Завершен;2025-08-06;2025-03-03;2025-08-05;2025-01-01;2025-07-31;2025-08-06;2003;{"seasonCode": "SEASON_m_2025_1"}
02_2025-1_07-5_2;t_02_2025-1_07-5_2_4001;март-июль;Завершен;2026-01-20;2025-03-03;2025-08-05;2025-03-01;2025-07-31;2026-01-20;3913;{"seasonCode": "SEASON_m_2025_1"}
02_2025-1_07-5_10;t_02_2025-1_07-5_10_4001;1 полугодие;Завершен;2026-01-20;2025-03-03;2025-08-05;2025-03-01;2025-07-31;2026-01-20;3930;{"seasonCode": "SEASON_m_2025_1"}
02_2025-1_07-5_1;t_02_2025-1_07-5_1_4001;март-июль;Завершен;2025-08-06;2025-03-03;2025-08-05;2025-03-01;2025-07-31;2025-08-06;2003;{"seasonCode": "SEASON_m_2025_1"}
02_2025-1_07-2_1;t_02_2025-1_07-2_1_2021;турнир 2 квартала;Завершен;2025-07-24;2025-03-31;2025-07-05;2025-04-01;2025-06-30;2025-07-24;1011;{"seasonCode": "SEASON_m_2025_1"}
02_2025-1_07-2_1;t_02_2025-1_07-2_1_2011;турнир 1 квартала;Завершен;2025-04-29;2025-03-03;2025-04-17;2025-01-01;2025-03-31;2025-04-29;359;{"seasonCode": "SEASON_m_2025_1"}
02_2025-1_07-1_1;t_02_2025-1_07-1_1_2021;турнир 2 квартала;Завершен;2025-07-24;2025-03-31;2025-07-05;2025-04-01;2025-06-30;2025-07-24;1011;{"seasonCode": "SEASON_m_2025_1"}
02_2025-1_07-1_1;t_02_2025-1_07-1_1_2011;турнир 1 квартала;Завершен;2025-04-29;2025-03-03;2025-04-17;2025-01-01;2025-03-31;2025-04-29;359;{"seasonCode": "SEASON_m_2025_1"}
02_2025-0_01-4_3;t_02_2025-0_01-4_3_1001;турнир года;Удален;2026-01-29;2025-10-24;2026-01-20;2025-01-01;2025-12-31;2025-11-24;816;{"seasonCode": "SEASON_m_2025_2"}
02_2025-0_01-4_2;t_02_2025-0_01-4_2_1001;турнир года;Удален;2026-01-29;2025-10-24;2026-01-20;2025-01-01;2025-12-31;2025-11-24;816;{"seasonCode": "SEASON_m_2025_2"}
02_2025-0_01-4_1;t_02_2025-0_01-4_1_1001;турнир года;Удален;2026-01-29;2025-10-24;2026-01-20;2025-01-01;2025-12-31;2025-11-24;816;{"seasonCode": "SEASON_m_2025_2"}
01_2026-0_13-1_6;t_01_2026-0_13-1_6_1001;турнир года;Активный;2026-01-29;2025-12-08;2027-01-31;2026-01-01;2026-12-31;2026-01-29;541;null
01_2026-0_13-1_5;t_01_2026-0_13-1_5_1001;турнир года;Активный;2026-01-29;2025-12-08;2027-01-31;2026-01-01;2026-12-31;2026-01-29;541;null
01_2026-0_13-1_4;t_01_2026-0_13-1_4_1001;турнир года;Активный;2026-01-29;2025-12-08;2027-01-31;2026-01-01;2026-12-31;2026-01-29;541;null
01_2026-0_13-1_3;t_01_2026-0_13-1_3_1001;турнир года;Активный;2026-01-29;2025-12-08;2027-04-30;2026-01-01;2026-12-31;2026-01-29;541;null
01_2026-0_13-1_2;t_01_2026-0_13-1_2_1001;турнир года;Активный;2026-01-29;2025-12-08;2027-04-30;2026-01-01;2026-12-31;2026-01-29;541;null
01_2026-0_13-1_1;t_01_2026-0_13-1_1_1001;турнир года;Активный;2026-01-29;2025-12-08;2027-04-30;2026-01-01;2026-12-31;2026-01-29;541;null
01_2026-0_10-1_4;t_01_2026-0_10-1_4_1001;турнир года;Активный;2026-01-29;2025-12-08;2027-04-30;2026-01-01;2026-12-31;2026-01-29;541;null
01_2026-0_10-1_3;t_01_2026-0_10-1_3_1001;турнир года;Активный;2026-01-29;2025-12-08;2027-04-30;2026-01-01;2026-12-31;2026-01-29;541;null
01_2026-0_10-1_2;t_01_2026-0_10-1_2_1001;турнир года;Активный;2026-01-29;2025-12-08;2027-04-30;2026-01-01;2026-12-31;2026-01-29;541;null
01_2026-0_10-1_1;t_01_2026-0_10-1_1_1001;турнир года;Активный;2026-01-29;2025-12-08;2027-04-30;2026-01-01;2026-12-31;2026-01-29;541;null
01_2026-0_09-1_4;t_01_2026-0_09-1_4_2041;турнир 1 квартала;Активный;2026-01-29;2025-12-08;2026-04-20;2026-01-01;2026-03-31;2026-01-29;543;{"seasonCode": "SEASON_2026_1"}
01_2026-0_09-1_3;t_01_2026-0_09-1_3_2041;турнир 1 квартала;Активный;2026-01-29;2025-12-08;2026-04-20;2026-01-01;2026-03-31;2026-01-29;543;{"seasonCode": "SEASON_2026_1"}
01_2026-0_09-1_2;t_01_2026-0_09-1_2_2041;турнир 1 квартала;Активный;2026-01-29;2025-12-08;2026-04-20;2026-01-01;2026-03-31;2026-01-29;543;{"seasonCode": "SEASON_2026_1"}
01_2025-2_21-1_1;t_01_2025-2_21-1_1_4001;произвольный;Подведение итогов;2026-01-29;2025-11-11;null;2025-11-01;2025-12-31;2026-01-29;924;{"seasonCode": "SEASON_2025_2"}
01_2025-2_16-1_1;t_01_2025-2_16-1_1_2041;турнир 4 квартала;Подведение итогов;2026-01-29;2025-09-19;2026-02-05;2025-10-01;2025-12-31;null;1005;{"seasonCode": "SEASON_2025_2"}
01_2025-2_16-1_1;t_01_2025-2_16-1_1_2031;турнир 3 квартала;Завершен;2025-10-24;2025-06-30;2025-10-20;2025-07-01;2025-09-30;2025-10-24;980;{"seasonCode": "SEASON_2025_2"}
01_2025-2_15-1_2;t_01_2025-2_15-1_2_2041;турнир 4 квартала;Подведение итогов;2026-01-29;2025-09-19;2026-02-05;2025-10-01;2025-12-31;null;1005;{"seasonCode": "SEASON_2025_2"}
01_2025-2_15-1_2;t_01_2025-2_15-1_2_2031;турнир 3 квартала;Завершен;2025-10-31;2025-06-30;2025-10-20;2025-07-01;2025-09-30;2025-10-31;1025;{"seasonCode": "SEASON_2025_2"}
01_2025-2_14-2_5;t_01_2025-2_14-2_5_1002;турнир квартала;Удален;2026-01-29;2025-12-18;2026-12-31;2025-10-01;2025-12-31;null;341;{"seasonCode": "SEASON_2025_2"}
01_2025-2_14-2_5;t_01_2025-2_14-2_5_1001;турнир года;Подведение итогов;2026-01-29;2025-11-24;2026-12-31;2025-01-01;2025-12-31;null;542;{"seasonCode": "SEASON_2025_2"}
01_2025-2_14-2_4;t_01_2025-2_14-2_4_1002;турнир квартала;Удален;2026-01-29;2025-12-18;2026-12-31;2025-10-01;2025-12-31;null;341;{"seasonCode": "SEASON_2025_2"}
01_2025-2_14-2_4;t_01_2025-2_14-2_4_1001;турнир года;Подведение итогов;2026-01-29;2025-11-24;2026-12-31;2025-01-01;2025-12-31;null;542;{"seasonCode": "SEASON_2025_2"}
01_2025-2_14-2_3;t_01_2025-2_14-2_3_2041;турнир 4 квартала;Подведение итогов;2026-01-29;2025-11-11;2026-02-05;2025-10-01;2025-12-31;null;632;{"seasonCode": "SEASON_2025_2"}
01_2025-2_14-2_2;t_01_2025-2_14-2_2_2041;турнир 4 квартала;Подведение итогов;2026-01-29;2025-11-11;2026-02-05;2025-10-01;2025-12-31;null;632;{"seasonCode": "SEASON_2025_2"}
01_2025-2_14-2_1;t_01_2025-2_14-2_1_2041;турнир 4 квартала;Подведение итогов;2026-01-29;2025-11-11;2026-02-05;2025-10-01;2025-12-31;null;632;{"seasonCode": "SEASON_2025_2"}
01_2025-2_14-1_7;t_01_2025-2_14-1_7_1001;турнир года;Подведение итогов;2026-01-29;2025-11-24;2026-12-31;2025-01-01;2025-12-31;null;542;{"seasonCode": "SEASON_2025_2"}
01_2025-2_14-1_7;t_01_2025-2_14-1_7_1002;турнир года;Удален;2026-01-29;2025-12-18;2026-12-31;2025-01-01;2025-12-31;null;341;{"seasonCode": "SEASON_2025_2"}
01_2025-2_14-1_6;t_01_2025-2_14-1_6_1001;турнир года;Подведение итогов;2026-01-29;2025-11-24;2026-12-31;2025-01-01;2025-12-31;null;542;{"seasonCode": "SEASON_2025_2"}
01_2025-2_14-1_6;t_01_2025-2_14-1_6_1002;турнир года;Удален;2026-01-29;2025-12-18;2026-12-31;2025-01-01;2025-12-31;null;341;{"seasonCode": "SEASON_2025_2"}
01_2025-2_14-1_5;t_01_2025-2_14-1_5_1001;турнир года;Подведение итогов;2026-01-29;2025-11-24;2026-12-31;2025-01-01;2025-12-31;null;542;{"seasonCode": "SEASON_2025_2"}
01_2025-2_14-1_5;t_01_2025-2_14-1_5_1002;турнир года;Удален;2026-01-29;2025-12-18;2026-12-31;2025-01-01;2025-12-31;null;341;{"seasonCode": "SEASON_2025_2"}
01_2025-2_14-1_4;t_01_2025-2_14-1_4_1001;турнир года;Подведение итогов;2026-01-29;2025-11-24;2026-12-31;2025-01-01;2025-12-31;null;542;{"seasonCode": "SEASON_2025_2"}
01_2025-2_14-1_4;t_01_2025-2_14-1_4_1002;турнир года;Удален;2026-01-29;2025-12-18;2026-12-31;2025-01-01;2025-12-31;null;341;{"seasonCode": "SEASON_2025_2"}
01_2025-2_14-1_3;t_01_2025-2_14-1_3_1001;турнир года;Подведение итогов;2026-01-29;2025-11-24;2026-12-31;2025-01-01;2025-12-31;null;542;{"seasonCode": "SEASON_2025_2"}
01_2025-2_14-1_2;t_01_2025-2_14-1_2_1001;турнир года;Подведение итогов;2026-01-29;2025-11-24;2026-12-31;2025-01-01;2025-12-31;null;542;{"seasonCode": "SEASON_2025_2"}
01_2025-2_14-1_1;t_01_2025-2_14-1_1_3121;турнир декабря;Завершен;2026-01-26;2025-11-20;2026-01-20;2025-12-01;2025-12-31;2026-01-26;544;{"seasonCode": "SEASON_2025_2"}
01_2025-2_14-1_1;t_01_2025-2_14-1_1_3111;турнир ноября;Завершен;2026-01-12;2025-10-24;2025-12-20;2025-11-01;2025-11-30;2026-01-12;591;{"seasonCode": "SEASON_2025_2"}
01_2025-2_14-1_1;t_01_2025-2_14-1_1_3101;турнир октября;Завершен;2025-11-28;2025-09-19;2025-11-20;2025-10-01;2025-10-31;2025-11-28;500;{"seasonCode": "SEASON_2025_2"}
01_2025-2_14-1_1;t_01_2025-2_14-1_1_3091;турнир сентября;Завершен;2025-10-24;2025-08-29;2025-10-20;2025-09-01;2025-09-30;2025-10-24;446;{"seasonCode": "SEASON_2025_2"}
01_2025-2_14-1_1;t_01_2025-2_14-1_1_3081;турнир августа;Завершен;2025-09-26;2025-07-24;2025-09-20;2025-08-01;2025-08-31;2025-09-26;557;{"seasonCode": "SEASON_2025_2"}
01_2025-2_14-1_1;t_01_2025-2_14-1_1_3071;турнир июля;Завершен;2025-09-18;2025-06-30;2025-08-20;2025-07-01;2025-07-31;2025-09-18;691;{"seasonCode": "SEASON_2025_2"}
01_2025-2_10-1_6;t_01_2025-2_10-1_6_2041;турнир 4 квартала;Подведение итогов;2026-01-29;2025-09-19;2026-01-20;2025-10-01;2025-12-31;null;1005;{"seasonCode": "SEASON_2025_2"}
01_2025-2_10-1_6;t_01_2025-2_10-1_6_2031;турнир 3 квартала;Завершен;2025-10-31;2025-08-05;2025-10-30;2025-07-01;2025-09-30;2025-10-31;705;{"seasonCode": "SEASON_2025_2"}
01_2025-2_09-1_4;t_01_2025-2_09-1_4_2041;турнир 4 квартала;Подведение итогов;2026-01-29;2025-10-24;2026-01-20;2025-10-01;2025-12-31;2026-01-29;1066;{"seasonCode": "SEASON_2025_2"}
01_2025-2_09-1_3;t_01_2025-2_09-1_3_2041;турнир 4 квартала;Подведение итогов;2026-01-29;2025-10-24;2026-01-20;2025-10-01;2025-12-31;2026-01-29;1066;{"seasonCode": "SEASON_2025_2"}
01_2025-2_09-1_2;t_01_2025-2_09-1_2_2041;турнир 4 квартала;Подведение итогов;2026-01-29;2025-10-24;2026-01-20;2025-10-01;2025-12-31;2026-01-29;1066;{"seasonCode": "SEASON_2025_2"}
01_2025-2_09-1_1;t_01_2025-2_09-1_1_3121;турнир декабря;Завершен;2026-01-26;2025-11-20;2026-01-20;2025-12-01;2025-12-31;2026-01-26;544;{"seasonCode": "SEASON_2025_2"}
01_2025-2_09-1_1;t_01_2025-2_09-1_1_3111;турнир ноября;Завершен;2026-01-12;2025-10-24;2025-12-20;2025-11-01;2025-11-30;2026-01-12;591;{"seasonCode": "SEASON_2025_2"}
01_2025-2_09-1_1;t_01_2025-2_09-1_1_3101;турнир октября;Завершен;2025-12-02;2025-09-19;2025-11-20;2025-10-01;2025-10-31;2025-12-02;537;{"seasonCode": "SEASON_2025_2"}
01_2025-2_09-1_1;t_01_2025-2_09-1_1_3091;турнир сентября;Завершен;2025-11-17;2025-08-29;2025-10-20;2025-09-01;2025-09-30;2025-11-17;586;{"seasonCode": "SEASON_2025_2"}
01_2025-2_09-1_1;t_01_2025-2_09-1_1_3081;турнир августа;Завершен;2025-09-26;2025-07-24;2025-09-20;2025-08-01;2025-08-31;2025-09-26;557;{"seasonCode": "SEASON_2025_2"}
01_2025-2_09-1_1;t_01_2025-2_09-1_1_3071;турнир июля;Завершен;2025-09-18;2025-06-30;2025-08-20;2025-07-01;2025-07-31;2025-09-18;691;{"seasonCode": "SEASON_2025_2"}
01_2025-2_08-2_6;t_01_2025-2_08-2_6_2041;турнир 4 квартала;Завершен;2026-01-26;2025-10-08;2026-01-20;2025-10-01;2025-12-31;2026-01-26;835;{"seasonCode": "SEASON_2025_2"}
01_2025-2_08-2_6;t_01_2025-2_08-2_6_2031;турнир 3 квартала;Удален;2026-01-29;2025-06-30;2025-10-20;2025-07-01;2025-09-30;null;1705;{"seasonCode": "SEASON_2025_2"}
01_2025-2_08-1_2;t_01_2025-2_08-1_2_3111;турнир ноября;Отменен;2026-01-29;2025-10-30;2026-12-31;2025-11-01;2025-11-30;null;686;{"seasonCode": "SEASON_2025_2"}
01_2025-2_08-1_2;t_01_2025-2_08-1_2_3101;турнир октября;Отменен;2026-01-29;2025-10-30;2026-12-31;2025-10-01;2025-10-31;null;686;{"seasonCode": "SEASON_2025_2"}
01_2025-2_08-1_2;t_01_2025-2_08-1_2_3091;турнир сентября;Отменен;2026-01-29;2025-10-30;2026-12-31;2025-09-01;2025-09-30;null;686;{"seasonCode": "SEASON_2025_2"}
01_2025-2_08-1_2;t_01_2025-2_08-1_2_3081;турнир августа;Отменен;2026-01-29;2025-10-30;2026-12-31;2025-08-01;2025-08-31;null;686;{"seasonCode": "SEASON_2025_2"}
01_2025-2_08-1_1;t_01_2025-2_08-1_1_3121;турнир декабря;Завершен;2026-01-26;2025-11-20;2026-01-20;2025-12-01;2025-12-31;2026-01-26;544;{"seasonCode": "SEASON_2025_2"}
01_2025-2_08-1_1;t_01_2025-2_08-1_1_3111;турнир ноября;Завершен;2025-12-26;2025-10-24;2025-12-20;2025-11-01;2025-11-30;2025-12-26;445;{"seasonCode": "SEASON_2025_2"}
01_2025-2_08-1_1;t_01_2025-2_08-1_1_3101;турнир октября;Завершен;2025-11-24;2025-09-19;2025-11-20;2025-10-01;2025-10-31;2025-11-24;465;{"seasonCode": "SEASON_2025_2"}
01_2025-2_08-1_1;t_01_2025-2_08-1_1_3091;турнир сентября;Завершен;2025-11-11;2025-08-29;2025-10-20;2025-09-01;2025-09-30;2025-11-11;537;{"seasonCode": "SEASON_2025_2"}
01_2025-2_08-1_1;t_01_2025-2_08-1_1_3081;турнир августа;Завершен;2025-10-08;2025-07-24;2025-09-20;2025-08-01;2025-08-31;2025-10-08;644;{"seasonCode": "SEASON_2025_2"}
01_2025-2_08-1_1;t_01_2025-2_08-1_1_3071;турнир июля;Завершен;2025-08-28;2025-06-30;2025-08-20;2025-07-01;2025-07-31;2025-08-28;526;{"seasonCode": "SEASON_2025_2"}
01_2025-2_07-2_2;t_01_2025-2_07-2_2_4001;турнир 2 месяца;Завершен;2026-01-28;2025-11-11;2026-01-28;2025-11-01;2025-12-31;2026-01-28;892;{"seasonCode": "SEASON_2025_2"}
01_2025-2_07-2_1;t_01_2025-2_07-2_1_2031;турнир 2 полугодия;Завершен;2026-01-27;2025-08-05;2026-01-25;2025-07-01;2025-12-31;2026-01-27;1363;{"seasonCode": "SEASON_2025_2"}
01_2025-2_05-1_1;t_01_2025-2_05-1_1_3121;турнир декабря;Завершен;2026-01-26;2025-11-20;2026-01-20;2025-12-01;2025-12-31;2026-01-26;544;{"seasonCode": "SEASON_2025_2"}
01_2025-2_05-1_1;t_01_2025-2_05-1_1_3111;турнир ноября;Завершен;2025-12-29;2025-10-24;2025-12-20;2025-11-01;2025-11-30;2025-12-29;475;{"seasonCode": "SEASON_2025_2"}
01_2025-2_05-1_1;t_01_2025-2_05-1_1_3101;турнир октября;Завершен;2025-12-01;2025-09-19;2025-11-20;2025-10-01;2025-10-31;2025-12-01;527;{"seasonCode": "SEASON_2025_2"}
01_2025-2_05-1_1;t_01_2025-2_05-1_1_3091;турнир сентября;Завершен;2025-10-27;2025-08-29;2025-10-20;2025-09-01;2025-09-30;2025-10-27;462;{"seasonCode": "SEASON_2025_2"}
01_2025-2_05-1_1;t_01_2025-2_05-1_1_3081;турнир августа;Завершен;2025-10-08;2025-07-24;2025-09-20;2025-08-01;2025-08-31;2025-10-08;638;{"seasonCode": "SEASON_2025_2"}
01_2025-2_05-1_1;t_01_2025-2_05-1_1_3071;турнир июля;Завершен;2025-09-05;2025-06-30;2025-08-20;2025-07-01;2025-07-31;2025-09-05;612;{"seasonCode": "SEASON_2025_2"}
01_2025-2_03-6_9;t_01_2025-2_03-6_9_1001;турнир года;Подведение итогов;2026-01-29;2025-11-14;2026-12-31;2025-01-01;2025-12-31;null;608;{"seasonCode": "SEASON_2025_2"}
01_2025-2_03-6_8;t_01_2025-2_03-6_8_1001;турнир года;Подведение итогов;2026-01-29;2025-11-14;2026-12-31;2025-01-01;2025-12-31;null;608;{"seasonCode": "SEASON_2025_2"}
01_2025-2_03-6_7;t_01_2025-2_03-6_7_1001;турнир года;Подведение итогов;2026-01-29;2025-11-14;2026-12-31;2025-01-01;2025-12-31;null;608;{"seasonCode": "SEASON_2025_2"}
01_2025-2_03-6_6;t_01_2025-2_03-6_6_1001;турнир года;Удален;2026-01-29;2025-11-14;2026-12-31;2025-01-01;2025-12-31;null;610;{"seasonCode": "SEASON_2025_2"}
01_2025-2_03-6_5;t_01_2025-2_03-6_5_1001;турнир года;Удален;2026-01-29;2025-11-14;2026-12-31;2025-01-01;2025-12-31;null;610;{"seasonCode": "SEASON_2025_2"}
01_2025-2_03-6_4;t_01_2025-2_03-6_4_1001;турнир года;Удален;2026-01-29;2025-11-14;2026-12-31;2025-01-01;2025-12-31;null;610;{"seasonCode": "SEASON_2025_2"}
01_2025-2_03-6_4;t_01_2025-2_03-6_4_1002;турнир года;Удален;2026-01-29;2025-12-15;2026-12-31;2024-12-01;2025-01-01;null;367;{"seasonCode": "SEASON_2025_2"}
01_2025-2_03-6_3;t_01_2025-2_03-6_3_1001;турнир года;Удален;2026-01-29;2025-11-14;2026-12-31;2025-01-01;2025-12-31;null;610;{"seasonCode": "SEASON_2025_2"}
01_2025-2_03-6_2;t_01_2025-2_03-6_2_1001;турнир года;Удален;2026-01-29;2025-11-14;2026-12-31;2025-01-01;2025-12-31;null;610;{"seasonCode": "SEASON_2025_2"}
01_2025-2_03-6_1;t_01_2025-2_03-6_1_1001;турнир года;Удален;2026-01-29;2025-11-14;2026-12-31;2025-01-01;2025-12-31;null;610;{"seasonCode": "SEASON_2025_2"}
01_2025-2_02-2_7;t_01_2025-2_02-2_7_1001;турнир года;Подведение итогов;2026-01-29;2025-11-24;2026-12-31;2025-01-01;2025-12-31;null;542;{"seasonCode": "SEASON_2025_2"}
01_2025-2_02-2_6;t_01_2025-2_02-2_6_1001;турнир года;Подведение итогов;2026-01-29;2025-11-24;2026-12-31;2025-01-01;2025-12-31;null;542;{"seasonCode": "SEASON_2025_2"}
01_2025-2_02-2_5;t_01_2025-2_02-2_5_1001;турнир года;Подведение итогов;2026-01-29;2025-11-13;2026-12-31;2025-01-01;2025-12-31;null;616;{"seasonCode": "SEASON_2025_2"}
01_2025-2_02-2_3;t_01_2025-2_02-2_3_1001;турнир года;Подведение итогов;2026-01-29;2025-11-11;2026-12-31;2025-01-01;2025-12-31;null;632;{"seasonCode": "SEASON_2025_2"}
01_2025-2_02-1_4;t_01_2025-2_02-1_4_1001;турнир года;Подведение итогов;2026-01-29;2025-11-11;2026-12-31;2025-01-01;2025-12-31;null;632;{"seasonCode": "SEASON_2025_2"}
01_2025-2_02-1_3;t_01_2025-2_02-1_3_1001;турнир года;Подведение итогов;2026-01-29;2025-11-11;2026-12-31;2025-01-01;2025-12-31;null;632;{"seasonCode": "SEASON_2025_2"}
01_2025-2_02-1_2;t_01_2025-2_02-1_2_1001;турнир года;Подведение итогов;2026-01-29;2025-11-11;2026-12-31;2025-01-01;2025-12-31;null;632;{"seasonCode": "SEASON_2025_2"}
01_2025-2_01-7_1;t_01_2025-2_01-7_1_4001;турнир 2 полугодия;Завершен;2026-01-26;2025-07-01;2026-01-20;2025-07-01;2025-12-31;2026-01-26;1665;{"seasonCode": "SEASON_2025_2"}
01_2025-1_17-2_4;t_01_2025-1_17-2_4_4001;произвольный;Завершен;2025-07-23;2025-06-17;2025-07-20;2024-07-01;2024-12-31;2025-07-23;312;{"seasonCode": "SEASON_2025_1"}
01_2025-1_17-2_3;t_01_2025-1_17-2_3_4001;произвольный;Завершен;2025-07-23;2025-06-17;2025-07-20;2024-07-01;2024-12-31;2025-07-23;312;{"seasonCode": "SEASON_2025_1"}
01_2025-1_17-2_2;t_01_2025-1_17-2_2_4001;произвольный;Завершен;2025-07-23;2025-06-17;2025-07-20;2024-07-01;2024-12-31;2025-07-23;312;{"seasonCode": "SEASON_2025_1"}
01_2025-1_17-2_1;t_01_2025-1_17-2_1_4001;произвольный;Завершен;2025-07-23;2025-06-17;2025-07-20;2024-07-01;2024-12-31;2025-07-23;312;{"seasonCode": "SEASON_2025_1"}
01_2025-1_16-1_1;t_01_2025-1_16-1_1_2021;турнир 2 квартала;Завершен;2025-07-23;2025-03-31;2025-07-09;2025-04-01;2025-06-30;2025-07-23;1003;{"seasonCode": "SEASON_2025_1"}
01_2025-1_16-1_1;t_01_2025-1_16-1_1_2011;турнир 1 квартала;Завершен;2025-04-11;2025-02-12;2025-04-09;2025-01-01;2025-03-31;2025-04-11;466;{"seasonCode": "SEASON_2025_1"}
01_2025-1_15-1_2;t_01_2025-1_15-1_2_2021;турнир 2 квартала;Завершен;2025-07-23;2025-03-31;2025-07-14;2025-04-01;2025-06-30;2025-07-23;1003;{"seasonCode": "SEASON_2025_1"}
01_2025-1_15-1_2;t_01_2025-1_15-1_2_2011;турнир 1 квартала;Завершен;2025-04-10;2025-02-12;2025-03-30;2025-01-01;2025-03-31;2025-04-10;456;{"seasonCode": "SEASON_2025_1"}
01_2025-1_14-1_1;t_01_2025-1_14-1_1_3061;турнир июня;Завершен;2025-07-24;2025-05-26;2025-07-20;2025-06-01;2025-06-30;2025-07-24;544;{"seasonCode": "SEASON_2025_1"}
01_2025-1_14-1_1;t_01_2025-1_14-1_1_3051;турнир мая;Завершен;2025-07-11;2025-04-29;2025-06-20;2025-05-01;2025-05-31;2025-07-11;633;{"seasonCode": "SEASON_2025_1"}
01_2025-1_14-1_1;t_01_2025-1_14-1_1_3041;турнир апреля;Завершен;2025-05-21;2025-03-31;2025-05-17;2025-04-01;2025-04-30;2025-05-21;429;{"seasonCode": "SEASON_2025_1"}
01_2025-1_14-1_1;t_01_2025-1_14-1_1_3031;турнир марта;Завершен;2025-04-22;2025-03-03;2025-04-19;2025-03-01;2025-03-31;2025-04-22;396;{"seasonCode": "SEASON_2025_1"}
01_2025-1_14-1_1;t_01_2025-1_14-1_1_3021;турнир февраля;Завершен;2025-04-09;2025-02-12;2025-04-05;2025-02-01;2025-02-28;2025-04-09;450;{"seasonCode": "SEASON_2025_1"}
01_2025-1_09-1_1;t_01_2025-1_09-1_1_3061;турнир июня;Завершен;2025-07-25;2025-05-26;2025-07-20;2025-06-01;2025-06-30;2025-07-25;552;{"seasonCode": "SEASON_2025_1"}
01_2025-1_09-1_1;t_01_2025-1_09-1_1_3051;турнир мая;Завершен;2025-07-11;2025-04-29;2025-06-20;2025-05-01;2025-05-31;2025-07-11;633;{"seasonCode": "SEASON_2025_1"}
01_2025-1_09-1_1;t_01_2025-1_09-1_1_3041;турнир апреля;Завершен;2025-05-21;2025-03-31;2025-05-12;2025-04-01;2025-04-30;2025-05-21;429;{"seasonCode": "SEASON_2025_1"}
01_2025-1_09-1_1;t_01_2025-1_09-1_1_3031;турнир марта;Завершен;2025-04-22;2025-03-03;2025-04-14;2025-03-01;2025-03-31;2025-04-22;396;{"seasonCode": "SEASON_2025_1"}
01_2025-1_09-1_1;t_01_2025-1_09-1_1_3021;турнир февраля;Завершен;2025-04-17;2025-02-12;2025-04-16;2025-02-01;2025-02-28;2025-04-17;461;{"seasonCode": "SEASON_2025_1"}
01_2025-1_08-1_1;t_01_2025-1_08-1_1_3061;турнир июня;Завершен;2025-07-17;2025-05-26;2025-07-13;2025-06-01;2025-06-30;2025-07-17;474;{"seasonCode": "SEASON_2025_1"}
01_2025-1_08-1_1;t_01_2025-1_08-1_1_3051;турнир мая;Завершен;2025-06-26;2025-04-29;2025-06-20;2025-05-01;2025-05-31;2025-06-26;527;{"seasonCode": "SEASON_2025_1"}
01_2025-1_08-1_1;t_01_2025-1_08-1_1_3041;турнир апреля;Завершен;2025-05-21;2025-03-31;2025-05-15;2025-04-01;2025-04-30;2025-05-21;429;{"seasonCode": "SEASON_2025_1"}
01_2025-1_08-1_1;t_01_2025-1_08-1_1_3031;турнир марта;Завершен;2025-04-22;2025-03-03;2025-04-15;2025-03-01;2025-03-31;2025-04-22;396;{"seasonCode": "SEASON_2025_1"}
01_2025-1_08-1_1;t_01_2025-1_08-1_1_3021;турнир февраля;Завершен;2025-04-10;2025-02-12;2025-03-10;2025-02-01;2025-02-28;2025-04-10;456;{"seasonCode": "SEASON_2025_1"}
01_2025-1_07-5_9;t_01_2025-1_07-5_9_4001;1 полугодие;Удален;2026-01-29;2025-03-03;2025-09-25;2025-03-01;2025-07-31;2025-11-06;3747;{"seasonCode": "SEASON_2025_1"}
01_2025-1_07-5_8;t_01_2025-1_07-5_8_4001;1 полугодие;Удален;2026-01-29;2025-03-03;2025-08-25;2025-03-01;2025-07-31;2025-11-06;3747;{"seasonCode": "SEASON_2025_1"}
01_2025-1_07-5_7;t_01_2025-1_07-5_7_4001;март-июль;Завершен;2025-08-06;2025-03-03;2025-08-05;2025-03-01;2025-07-31;2025-08-06;1339;{"seasonCode": "SEASON_2025_1"}
01_2025-1_07-5_6;t_01_2025-1_07-5_6_4001;март-июль;Завершен;2025-08-06;2025-03-03;2025-08-05;2025-03-01;2025-07-31;2025-08-06;1339;{"seasonCode": "SEASON_2025_1"}
01_2025-1_07-5_5;t_01_2025-1_07-5_5_4001;март-июль;Завершен;2025-08-06;2025-03-03;2025-08-05;2025-03-01;2025-07-31;2025-08-06;1339;{"seasonCode": "SEASON_2025_1"}
01_2025-1_07-5_3;t_01_2025-1_07-5_3_4001;март-июль;Завершен;2025-08-06;2025-03-03;2025-08-05;2025-03-01;2025-07-31;2025-08-06;2003;{"seasonCode": "SEASON_2025_1"}
01_2025-1_07-5_2;t_01_2025-1_07-5_2_4001;март-июль;Удален;2026-01-29;2025-03-03;2025-09-05;2025-03-01;2025-07-31;2025-11-06;3730;{"seasonCode": "SEASON_2025_1"}
01_2025-1_07-5_10;t_01_2025-1_07-5_10_4001;1 полугодие;Удален;2026-01-29;2025-03-03;2025-08-25;2025-03-01;2025-07-31;2025-11-06;3747;{"seasonCode": "SEASON_2025_1"}
01_2025-1_07-5_1;t_01_2025-1_07-5_1_4001;март-июль;Завершен;2025-08-06;2025-03-03;2025-08-05;2025-03-01;2025-07-31;2025-08-06;2003;{"seasonCode": "SEASON_2025_1"}
01_2025-1_05-1_2t;t_01_2025-1_05-1_2t_3091;турнир сентября;Удален;2026-01-29;2025-08-29;2026-12-31;2025-09-01;2025-09-30;null;1171;{"seasonCode": "SEASON_2025_2"}
01_2025-1_05-1_2t;t_01_2025-1_05-1_2t_3081;турнир августа;Удален;2026-01-29;2025-07-24;2026-12-31;2025-08-01;2025-08-31;null;1499;{"seasonCode": "SEASON_2025_2"}
01_2025-1_05-1_2t;t_01_2025-1_05-1_2t_3071;турнир июля;Удален;2026-01-29;2025-07-24;2026-12-31;2025-07-01;2025-07-31;null;1499;{"seasonCode": "SEASON_2025_2"}
01_2025-1_05-1_2t;t_01_2025-1_05-1_2t_3061;турнир июня;Удален;2026-01-29;2025-06-24;2026-12-31;2025-06-01;2025-06-30;null;1753;{"seasonCode": "SEASON_2025_1"}
01_2025-1_05-1_2t;t_01_2025-1_05-1_2t_3051;турнир мая;Удален;2026-01-29;2025-05-27;2026-12-31;2025-05-01;2025-05-31;null;2031;{"seasonCode": "SEASON_2025_1"}
01_2025-1_05-1_2t;t_01_2025-1_05-1_2t_3041;турнир апреля;Удален;2026-01-29;2025-05-27;2026-12-31;2025-04-01;2025-04-30;null;2031;{"seasonCode": "SEASON_2025_1"}
01_2025-1_05-1_2t;t_01_2025-1_05-1_2t_3031;турнир марта;Удален;2026-01-29;2025-05-27;2026-12-31;2025-03-01;2025-03-31;null;2031;{"seasonCode": "SEASON_2025_1"}
01_2025-1_05-1_1;t_01_2025-1_05-1_1_3061;турнир июня;Завершен;2025-07-25;2025-05-26;2025-07-20;2025-06-01;2025-06-30;2025-07-25;552;{"seasonCode": "SEASON_2025_1"}
01_2025-1_05-1_1;t_01_2025-1_05-1_1_3051;турнир мая;Завершен;2025-07-11;2025-04-29;2025-06-20;2025-05-01;2025-05-31;2025-07-11;633;{"seasonCode": "SEASON_2025_1"}
01_2025-1_05-1_1;t_01_2025-1_05-1_1_3041;турнир апреля;Завершен;2025-05-21;2025-03-31;2025-05-12;2025-04-01;2025-04-30;2025-05-21;429;{"seasonCode": "SEASON_2025_1"}
01_2025-1_05-1_1;t_01_2025-1_05-1_1_3031;турнир марта;Завершен;2025-04-22;2025-03-03;2025-04-14;2025-03-01;2025-03-31;2025-04-22;398;{"seasonCode": "SEASON_2025_1"}
01_2025-1_05-1_1;t_01_2025-1_05-1_1_3021;турнир февраля;Завершен;2025-04-11;2025-02-12;2025-04-07;2025-02-01;2025-02-28;2025-04-11;470;{"seasonCode": "SEASON_2025_1"}
01_2025-1_04-1_1;t_01_2025-1_04-1_1_4002;турнир 3 месяца;Завершен;2026-01-26;2025-08-29;2025-12-20;2025-09-01;2025-11-30;2026-01-26;1137;{"seasonCode": "SEASON_2025_2"}
01_2025-1_04-1_1;t_01_2025-1_04-1_1_4001;турнир 3 месяца;Завершен;2025-10-08;2025-06-17;2025-09-20;2025-06-01;2025-08-31;2025-10-08;962;{"seasonCode": "SEASON_2025_2"}
01_2025-1_02-3_1t;t_01_2025-1_02-3_1t_3061;турнир июня;Удален;2026-01-29;2025-06-24;2026-12-31;2025-06-01;2025-06-30;null;1753;{"seasonCode": "SEASON_2025_1"}
01_2025-1_02-3_1t;t_01_2025-1_02-3_1t_3051;турнир мая;Удален;2026-01-29;2025-05-27;2026-12-31;2025-05-01;2025-05-31;null;2031;{"seasonCode": "SEASON_2025_1"}
01_2025-1_02-3_1t;t_01_2025-1_02-3_1t_3041;турнир апреля;Удален;2026-01-29;2025-04-09;2026-12-31;2025-04-01;2025-04-30;null;2436;{"seasonCode": "SEASON_2025_1"}
01_2025-1_02-3_1t;t_01_2025-1_02-3_1t_3031;турнир марта;Удален;2026-01-29;2025-04-09;2026-12-31;2025-03-01;2025-03-31;2025-04-10;2439;{"seasonCode": "SEASON_2025_1"}
01_2025-1_02-3_1t;t_01_2025-1_02-3_1t_3021;турнир февраля;Удален;2026-01-29;2025-04-09;2026-12-31;2025-02-01;2025-02-28;2025-04-10;2439;{"seasonCode": "SEASON_2025_1"}
01_2025-1_02-2_2;t_01_2025-1_02-2_2_3031;турнир марта;Завершен;2025-04-22;2025-03-03;2025-04-20;2025-03-01;2025-03-31;2025-04-22;394;{"seasonCode": "SEASON_2025_1"}
01_2025-1_02-2_2;t_01_2025-1_02-2_2_3021;турнир февраля;Завершен;2025-04-10;2025-02-12;2025-04-07;2025-02-01;2025-02-28;2025-04-10;458;{"seasonCode": "SEASON_2025_1"}
01_2025-1_02-1_2;t_01_2025-1_02-1_2_4001;1 полугодие;Удален;2026-01-29;2025-03-07;2025-07-31;2025-01-01;2025-06-30;null;2684;{"seasonCode": "SEASON_2025_1"}
01_2025-1_02-1_1;t_01_2025-1_02-1_1_3031;турнир марта;Завершен;2025-04-22;2025-03-03;2025-04-20;2025-03-01;2025-03-31;2025-04-22;394;{"seasonCode": "SEASON_2025_1"}
01_2025-1_02-1_1;t_01_2025-1_02-1_1_3021;турнир февраля;Завершен;2025-04-10;2025-02-12;2025-04-07;2025-02-01;2025-02-28;2025-04-10;458;{"seasonCode": "SEASON_2025_1"}
01_2025-1_01-8;t_01_2025-1_01-8_2041;турнир 4 квартала;Подведение итогов;2026-01-29;2025-10-08;2026-01-20;2025-10-01;2025-12-31;2026-01-29;1275;{"seasonCode": "SEASON_2025_2"}
01_2025-1_01-7_1;t_01_2025-1_01-7_1_4001;турнир 1 полугодия;Завершен;2025-07-23;2025-03-03;2025-07-09;2025-01-01;2025-06-30;2025-07-23;1207;{"seasonCode": "SEASON_2025_1"}
01_2025-1_01-6;t_01_2025-1_01-6_4001;произвольный;Подведение итогов;2026-01-29;2025-02-12;null;2025-01-01;2025-12-31;2026-01-29;4283;null
01_2025-0_18-7_5;t_01_2025-0_18-7_5_4001;произвольный;Подведение итогов;2026-01-29;2025-04-24;2026-01-21;2025-01-01;2025-12-31;null;2306;null
01_2025-0_18-7_4;t_01_2025-0_18-7_4_1001;турнир года;Подведение итогов;2026-01-29;2025-02-21;2026-04-30;2025-01-01;2025-12-31;2026-01-29;3962;null
01_2025-0_18-7_3;t_01_2025-0_18-7_3_1001;турнир года;Подведение итогов;2026-01-29;2025-02-21;2026-04-30;2025-01-01;2025-12-31;2026-01-29;3962;null
01_2025-0_18-7_2;t_01_2025-0_18-7_2_1001;турнир года;Подведение итогов;2026-01-29;2025-02-21;2026-04-30;2025-01-01;2025-12-31;2026-01-29;3962;null
01_2025-0_18-7_1;t_01_2025-0_18-7_1_1001;турнир года;Подведение итогов;2026-01-29;2025-02-21;2026-04-30;2025-01-01;2025-12-31;2026-01-29;3962;null
01_2025-0_16-1_1;t_01_2025-0_16-1_1_2044;турнир 4 квартала;Подведение итогов;2026-01-29;2025-12-24;2026-01-20;2025-10-01;2025-12-31;2026-01-29;433;{"seasonCode": "SEASON_2025_2"}
01_2025-0_16-1_1;t_01_2025-0_16-1_1_2043;турнир 4 квартала;Подведение итогов;2026-01-29;2025-12-24;2026-01-20;2025-10-01;2025-12-31;2026-01-29;433;{"seasonCode": "SEASON_2025_2"}
01_2025-0_16-1_1;t_01_2025-0_16-1_1_2042;турнир 4 квартала;Подведение итогов;2026-01-29;2025-12-24;2026-01-20;2025-10-01;2025-12-31;2026-01-29;433;{"seasonCode": "SEASON_2025_2"}
01_2025-0_16-1_1;t_01_2025-0_16-1_1_2045;турнир 4 квартала;Подведение итогов;2026-01-29;2025-12-24;2026-01-20;2025-10-01;2025-12-31;2026-01-29;433;{"seasonCode": "SEASON_2025_2"}
01_2025-0_16-1_1;t_01_2025-0_16-1_1_2047;турнир 4 квартала;Подведение итогов;2026-01-29;2025-12-26;2026-01-20;2025-10-01;2025-12-31;2026-01-29;417;{"seasonCode": "SEASON_2025_2"}
01_2025-0_16-1_1;t_01_2025-0_16-1_1_2041;турнир 4 квартала;Подведение итогов;2026-01-29;2025-10-24;2026-01-20;2025-10-01;2025-12-31;2026-01-29;1066;{"seasonCode": "SEASON_2025_2"}
01_2025-0_16-1_1;t_01_2025-0_16-1_1_2046;турнир 4 квартала;Подведение итогов;2026-01-29;2025-12-24;2026-01-20;2025-10-01;2025-12-31;2026-01-29;433;{"seasonCode": "SEASON_2025_2"}
01_2025-0_16-1_1;t_01_2025-0_16-1_1_2048;турнир 4 квартала;Подведение итогов;2026-01-29;2026-01-20;2026-01-20;2025-10-01;2025-12-31;2026-01-29;111;{"seasonCode": "SEASON_2025_2"}
01_2025-0_13-1_6;t_01_2025-0_13-1_6_1001;турнир года;Завершен;2026-01-26;2025-06-17;2026-01-24;2025-06-01;2025-12-31;2026-01-26;2582;null
01_2025-0_13-1_5;t_01_2025-0_13-1_5_1001;турнир года;Завершен;2026-01-26;2025-06-17;2026-01-24;2025-06-01;2025-12-31;2026-01-26;2582;null
01_2025-0_13-1_4;t_01_2025-0_13-1_4_1001;турнир года;Завершен;2026-01-26;2025-06-17;2026-01-24;2025-06-01;2025-12-31;2026-01-26;2582;null
01_2025-0_13-1_3;t_01_2025-0_13-1_3_1001;турнир года;Завершен;2026-01-27;2025-02-12;2026-01-24;2025-01-01;2025-12-31;2026-01-27;4170;null
01_2025-0_13-1_2;t_01_2025-0_13-1_2_1001;турнир года;Завершен;2026-01-19;2025-02-12;2025-12-31;2025-01-01;2025-12-31;2026-01-18;4158;null
01_2025-0_13-1_1;t_01_2025-0_13-1_1_1001;турнир года;Завершен;2026-01-19;2025-02-12;2025-12-31;2025-01-01;2025-12-31;2026-01-18;4158;null
01_2025-0_12-1_1;t_01_2025-0_12-1_1_1001;турнир года;Подведение итогов;2026-01-29;2025-02-12;2026-04-30;2025-01-01;2025-12-31;2026-01-29;4283;null
01_2025-0_12-1_1;t_01_2025-0_12-1_1_1002;турнир года;Подведение итогов;2026-01-29;2025-07-14;2026-04-30;2025-01-01;2025-12-31;2026-01-29;2365;null
01_2025-0_11-1_1;t_01_2025-0_11-1_1_2041;турнир 4 квартала;Подведение итогов;2026-01-29;2025-11-24;2026-02-05;2025-10-01;2025-12-31;null;542;{"seasonCode": "SEASON_2025_2"}
01_2025-0_10-5_9;t_01_2025-0_10-5_9_4001;турнир 2 полугодия;Подведение итогов;2026-01-29;2025-08-25;2026-01-30;2025-07-01;2025-12-31;2026-01-01;1114;null
01_2025-0_10-5_8;t_01_2025-0_10-5_8_4001;турнир 2 полугодия;Подведение итогов;2026-01-29;2025-08-25;2026-01-30;2025-07-01;2025-12-31;2026-01-01;1114;null
01_2025-0_10-5_7;t_01_2025-0_10-5_7_4001;турнир 2 полугодия;Подведение итогов;2026-01-29;2025-08-25;2026-01-30;2025-07-01;2025-12-31;2026-01-01;1114;null
01_2025-0_10-5_6;t_01_2025-0_10-5_6_4001;турнир 2 полугодия;Подведение итогов;2026-01-29;2025-08-25;2026-01-30;2025-07-01;2025-12-31;2026-01-01;1114;null
01_2025-0_10-5_5;t_01_2025-0_10-5_5_4001;турнир 2 полугодия;Подведение итогов;2026-01-29;2025-08-25;2026-01-30;2025-07-01;2025-12-31;2026-01-01;1114;null
01_2025-0_10-5_4;t_01_2025-0_10-5_4_4001;турнир 2 полугодия;Подведение итогов;2026-01-29;2025-08-25;2026-01-30;2025-07-01;2025-12-31;2026-01-01;1114;null
01_2025-0_10-5_3;t_01_2025-0_10-5_3_4001;турнир 2 полугодия;Подведение итогов;2026-01-29;2025-08-25;2026-01-30;2025-07-01;2025-12-31;2026-01-01;1114;null
01_2025-0_10-5_2;t_01_2025-0_10-5_2_4001;турнир 2 полугодия;Подведение итогов;2026-01-29;2025-08-25;2026-01-30;2025-07-01;2025-12-31;2026-01-01;1114;null
01_2025-0_10-5_1;t_01_2025-0_10-5_1_4001;турнир 2 полугодия;Подведение итогов;2026-01-29;2025-08-25;2026-01-30;2025-07-01;2025-12-31;2026-01-01;1114;null
01_2025-0_10-3_3;t_01_2025-0_10-3_3_1001;турнир года;Подведение итогов;2026-01-29;2025-04-24;2026-04-30;2025-01-01;2025-12-31;2026-01-29;3431;null
01_2025-0_10-3_2;t_01_2025-0_10-3_2_1001;турнир года;Подведение итогов;2026-01-29;2025-04-24;2026-04-30;2025-01-01;2025-12-31;2026-01-29;3431;null
01_2025-0_10-3_1;t_01_2025-0_10-3_1_1001;турнир года;Подведение итогов;2026-01-29;2025-04-24;2026-04-30;2025-01-01;2025-12-31;2026-01-29;3431;null
01_2025-0_10-2_1;t_01_2025-0_10-2_1_2041;турнир 4 квартала;Подведение итогов;2026-01-29;2025-10-08;2026-01-20;2025-10-01;2025-12-31;2026-01-29;1275;{"seasonCode": "SEASON_2025_2"}
01_2025-0_10-1_4;t_01_2025-0_10-1_4_1001;турнир года;Завершен;2026-01-27;2025-02-12;2025-12-31;2025-01-01;2025-12-31;2026-01-27;4244;null
01_2025-0_10-1_3;t_01_2025-0_10-1_3_1001;турнир года;Завершен;2026-01-27;2025-02-12;2025-12-31;2025-01-01;2025-12-31;2026-01-27;4244;null
01_2025-0_10-1_2;t_01_2025-0_10-1_2_1001;турнир года;Завершен;2026-01-27;2025-02-12;2025-12-31;2025-01-01;2025-12-31;2026-01-27;4244;null
01_2025-0_10-1_1;t_01_2025-0_10-1_1_1001;турнир года;Завершен;2026-01-27;2025-02-12;2025-12-31;2025-01-01;2025-12-31;2026-01-27;4244;null
01_2025-0_08-6_1;t_01_2025-0_08-6_1_4001;произвольный;Завершен;2026-01-26;2025-02-12;2026-01-20;2025-01-01;2025-12-31;2026-01-26;3421;null
01_2025-0_08-5_1;t_01_2025-0_08-5_1_2041;турнир 4 квартала;Удален;2026-01-29;2025-10-08;2026-01-20;2025-10-01;2025-12-31;2026-01-19;1236;{"seasonCode": "SEASON_2025_2"}
01_2025-0_08-2_5;t_01_2025-0_08-2_5_2021;турнир 2 квартала;Завершен;2025-07-17;2025-04-08;2025-07-13;2025-04-01;2025-06-30;2025-07-17;877;{"seasonCode": "SEASON_2025_1"}
01_2025-0_08-2_4;t_01_2025-0_08-2_4_2021;турнир 2 квартала;Удален;2026-01-29;2025-03-31;2025-07-20;2025-04-01;2025-06-30;null;2512;{"seasonCode": "SEASON_2025_1"}
01_2025-0_08-2_4;t_01_2025-0_08-2_4_2011;турнир 1 квартала;Завершен;2025-04-10;2025-02-21;2025-04-03;2025-01-01;2025-03-31;2025-04-10;433;{"seasonCode": "SEASON_2025_1"}
01_2025-0_08-2_3;t_01_2025-0_08-2_3_2041;турнир 4 квартала;Завершен;2026-01-26;2025-09-19;2026-01-20;2025-10-01;2025-12-31;2026-01-26;1383;{"seasonCode": "SEASON_2025_2"}
01_2025-0_08-2_3;t_01_2025-0_08-2_3_2031;турнир 3 квартала;Завершен;2025-10-14;2025-06-30;2025-10-09;2025-07-01;2025-09-30;2025-10-13;1330;{"seasonCode": "SEASON_2025_2"}
01_2025-0_08-2_3;t_01_2025-0_08-2_3_2021;турнир 2 квартала;Завершен;2025-07-17;2025-05-22;2025-07-13;2025-04-01;2025-06-30;2025-07-17;762;{"seasonCode": "SEASON_2025_1"}
01_2025-0_08-2_3;t_01_2025-0_08-2_3_4001;турнир 1 квартала;Завершен;2025-07-16;2025-02-12;2025-07-01;2025-01-01;2025-03-31;2025-07-16;1946;{"seasonCode": "SEASON_2025_1"}
01_2025-0_05-1_3;t_01_2025-0_05-1_3_2041;турнир 4 квартала;Подведение итогов;2026-01-29;2025-10-08;2026-01-20;2025-10-01;2025-12-31;2026-01-29;1275;{"seasonCode": "SEASON_2025_2"}
01_2025-0_05-1_2;t_01_2025-0_05-1_2_2041;турнир 4 квартала;Подведение итогов;2026-01-29;2025-10-08;2026-01-20;2025-10-01;2025-12-31;2026-01-29;1275;{"seasonCode": "SEASON_2025_2"}
01_2025-0_05-1_1;t_01_2025-0_05-1_1_2041;турнир 4 квартала;Подведение итогов;2026-01-29;2025-10-08;2026-01-20;2025-10-01;2025-12-31;2026-01-29;1275;{"seasonCode": "SEASON_2025_2"}
01_2025-0_03-2-7;t_01_2025-0_03-2-7_1001;турнир года;Подведение итогов;2026-01-29;2025-12-08;2026-12-31;2025-01-01;2025-12-31;null;430;{"seasonCode": ""}
01_2025-0_03-2-6;t_01_2025-0_03-2-6_1001;турнир года;Подведение итогов;2026-01-29;2025-10-29;2026-12-31;2025-01-01;2025-12-31;null;696;{"seasonCode": ""}
01_2025-0_03-2-5;t_01_2025-0_03-2-5_1001;турнир года;Подведение итогов;2026-01-29;2025-10-29;2026-12-31;2025-01-01;2025-12-31;null;696;{"seasonCode": ""}
01_2025-0_03-2-4;t_01_2025-0_03-2-4_1001;турнир года;Подведение итогов;2026-01-29;2025-10-29;2026-12-31;2025-01-01;2025-12-31;null;696;{"seasonCode": ""}
01_2025-0_03-2-3;t_01_2025-0_03-2-3_1001;турнир года;Подведение итогов;2026-01-29;2025-10-29;2026-12-31;2025-01-01;2025-12-31;null;696;{"seasonCode": ""}
01_2025-0_03-2-2;t_01_2025-0_03-2-2_1001;турнир года;Подведение итогов;2026-01-29;2025-10-29;2026-12-31;2025-01-01;2025-12-31;null;696;{"seasonCode": ""}
01_2025-0_03-2-1;t_01_2025-0_03-2-1_2041;турнир 4 квартала;Подведение итогов;2026-01-29;2025-10-29;2026-12-31;2025-10-01;2025-12-31;null;696;{"seasonCode": ""}
01_2025-0_01-9_3;t_01_2025-0_01-9_3_3091;турнир сентября;Удален;2026-01-29;2025-09-09;null;2025-09-01;2025-09-30;2025-11-06;1270;null
01_2025-0_01-9_2;t_01_2025-0_01-9_2_3091;турнир сентября;Удален;2026-01-29;2025-09-09;null;2025-09-01;2025-09-30;2025-11-06;1270;null
01_2025-0_01-9_1;t_01_2025-0_01-9_1_3091;турнир сентября;Удален;2026-01-29;2025-09-09;null;2025-09-01;2025-09-30;2025-11-06;1270;null
01_2025-0_01-5_1;t_01_2025-0_01-5_1_1001;турнир года;Завершен;2025-12-24;2025-12-08;2025-12-21;2025-01-01;2025-12-20;2025-12-24;136;{"seasonCode": "SEASON_2025_2"}
01_2025-0_01-4_3;t_01_2025-0_01-4_3_1001;турнир года;Завершен;2026-01-12;2025-10-24;2025-11-17;2025-01-01;2025-11-16;2026-01-11;854;{"seasonCode": "SEASON_2025_2"}
01_2025-0_01-4_2;t_01_2025-0_01-4_2_1001;турнир года;Завершен;2026-01-12;2025-10-24;2025-11-17;2025-01-01;2025-11-16;2026-01-11;854;{"seasonCode": "SEASON_2025_2"}
01_2025-0_01-4_1;t_01_2025-0_01-4_1_1001;турнир года;Удален;2026-01-29;2025-10-24;2025-11-17;2025-01-01;2025-11-16;2026-01-20;1031;{"seasonCode": "SEASON_2025_2"}
01_2025-0_01-3_1;t_01_2025-0_01-3_1_1001;турнир года;Завершен;2025-12-22;2025-12-08;2025-12-21;2025-01-01;2025-12-20;2025-12-22;120;{"seasonCode": "NON"}
01_2025-0_00-2_2;t_01_2025-0_00-2_2_1001;турнир года;Подведение итогов;2026-01-29;2025-11-24;2026-12-31;2025-01-01;2025-12-31;null;542;{"seasonCode": "SEASON_2025_2"}
01_2025-0_00-2_1;t_01_2025-0_00-2_1_1001;турнир года;Подведение итогов;2026-01-29;2025-11-24;2026-12-31;2025-01-01;2025-12-31;null;542;{"seasonCode": "SEASON_2025_2"}
